Fullname,Department
Christopher Robertson,ece
Ryan Gomez,chem
Karen Thomas,bme
Mrs. Nancy Morris,civ
Maria Lopez,nano
Elizabeth Dunn,civ
Nicholas Krueger,ece
Jennifer Perez,se
Vanessa Johnson,mech
Jorge Lynch,tron
Gregory Charles,mech
Michael Campbell,nano
Michael Robinson,ece
Robert Jones,ece
Marc Cox,ece
Shannon Jordan,mech
William Torres,tron
Kimberly Acevedo,nano
Jeff Owens,civ
Ricardo Dunn,chem
Jose Burch,ae
Ryan Torres,ae
Bryan Holland,civ
Misty Mcdonald,ece
Debra Terry,syde
Jose Mcclure,tron
Jeremy Brown,tron
Carmen Ball,ece
Brent Lane,se
Donna Benjamin,mech
Amanda Wood,syde
Debra Cox,ece
Tony Donovan,tron
Amy Lewis,ece
Todd Henderson,tron
Sandra Graham,nano
Ricardo Christian,civ
Ashley Massey,tron
Jennifer Foster,bme
Alexander Russell,ece
Michael Saunders,geo
Christopher Perry,ece
Roberto Malone,ece
Zachary Vaughan,mech
James Williams,ece
Maria Hines,mech
Bruce Alvarez,bme
Stacie Jones,ae
Charles Parker DVM,chem
Melissa Davis,ae
Joe Vincent,ece
Bridget Nelson,nano
Christopher Williams,mgmt
Alexis Rasmussen,ece
Cindy Tucker,geo
Garrett Carlson,ece
Elizabeth Johnson,bme
Eric Hill,ece
Mark Francis,tron
Candice Scott,nano
Leah Johnson,mgmt
John Gonzalez,ae
Paul Scott,chem
Jamie Wilson,chem
Jimmy Butler,civ
Brandi Chambers,se
Joshua Wood,chem
Amy Carlson,mgmt
David Ali,chem
Allen King,nano
Jennifer Ramirez,env
Colleen Smith,tron
Robert Williams,env
Jeffrey Green,mech
Catherine Cunningham,se
Megan Miller,syde
Mark Garrett,ece
Laura Wong,se
Gregory Smith,tron
Lisa Chavez,ece
Leslie Lewis,ece
Douglas Conner,ece
Eric Reyes,ae
Makayla Maxwell,syde
Amanda Patton,ece
Suzanne Moore MD,env
Linda Mullins,tron
Curtis Mercado,bme
Heather Lin,ece
Nathan Evans,ece
Matthew Porter,civ
Victoria Delgado,tron
Joseph Williams,tron
Mandy Mccoy,mech
Brent Arias,tron
Hunter Ochoa,tron
Michelle Taylor,mgmt
James Fuller,tron
Mr. Jeffrey Miller,mech
Fernando Alvarado,tron
Richard Willis,tron
Jonathan Jacobson,se
Audrey Carpenter,se
Maria Clark,tron
Kristina Scott,ae
Nicole Medina,ece
Dakota Logan,mgmt
Mariah Miller,mech
Joshua Reynolds,ece
Elizabeth Molina,nano
Stephanie Rivera,tron
Matthew Hahn,tron
Kelly Bowers,civ
Alexis Evans,mech
Sarah Thomas,mgmt
Rachel Clark,se
Ashley Davis,tron
Jennifer Williams,civ
Kathleen Morris,ae
Robert Reed,tron
Suzanne Peterson,bme
Mindy Stuart,env
Darren Keller,ece
Jamie Blevins,se
Melissa Costa,se
Christina Clay,mgmt
Kristine Carrillo,mgmt
Sylvia Duncan,ece
Ronald Gillespie,mech
Rose Clarke,mech
Zachary Holmes,ece
Rebekah Mclean,env
Michael Wiley,nano
Robin Horton,civ
Kathleen Gibson,se
Gregory Pham,se
Melissa Cuevas,ece
Joseph Rogers,ece
Suzanne Jones,syde
Kyle Olson,ae
Timothy Cain,ece
Joshua Sandoval,chem
Lacey Perry,ece
Jade Morgan,mech
Crystal Conley,civ
Timothy Green,ece
Kelsey Anderson,ae
Allison Green,env
Nathan Parks,tron
Christina Walker,mech
Derek Yang,se
Kelly Lee,ece
Julie Tran,nano
Emily Sanford,ae
Jordan White,mech
Gilbert May,tron
Kerry Hart,tron
Sean Gomez,tron
Mark Jones,mgmt
Lauren Cooper,nano
Cory Gentry,se
Tina Romero,bme
Kim Garcia,se
Daniel Carlson,mech
Natalie Hernandez,mgmt
Melissa Hernandez,mech
Linda Roy,civ
Mark Newton,civ
Kenneth Wilson,nano
Tara Castaneda,ece
Jordan Brooks,tron
Christopher Hahn MD,se
Steven Jones,env
Andrea Leblanc,mech
Alexander Anderson,mech
Richard Jenkins,bme
Derrick Williams,mech
Gina Reeves,ece
Brittany Riley,se
Casey Flowers,chem
Andrew Ramos,chem
Tracy Anderson,se
Christina Lin,tron
Larry Willis,chem
Paul Johnston,nano
Janice Perez,tron
David Gonzalez,syde
Tommy Ramsey,tron
Laura Andersen,chem
Kelly Mason,ece
Jill Sanchez,mech
Robert Michael,se
Linda Martin,bme
Billy Griffin,tron
Patrick Holmes,env
Ashley Barker,chem
Jeffrey May,mgmt
Charles Anderson,ece
Robin Harris,syde
Christopher Steele,mech
Andrea Lopez,se
Cheryl Bruce,chem
Justin Cruz,chem
Tammy Bonilla,mech
Kimberly Harrison,ae
Olivia Young DVM,mech
Mrs. Michele Yoder,env
Donald Mckinney,se
Samuel Foster,mgmt
James Wilcox,ae
Tiffany Compton,nano
Richard Stark,mech
Mackenzie Baker,chem
Jeffrey Newman,ece
Leah Jones,ece
Wayne Hanson,mgmt
Elizabeth Fletcher,civ
Tracy Herrera PhD,ae
Ashley Smith,ece
Jose Garcia,civ
Tara Anderson,se
James Woodard,tron
Kelli Scott,mgmt
Kimberly Jones,ece
Beth May,civ
Susan Humphrey,mech
Marcus Hardin,se
Rachel Wilkins,ece
David Donaldson,mgmt
Kelly King,ece
Luke Flores,ae
Laura Alvarez,ae
David Tate,chem
James Reilly,syde
Christopher Mathews,mech
Ana Valenzuela,civ
Denise Sanchez,mech
Jessica Singh,ece
Beth Moore,mech
Gary Barker,ece
Susan Parker,ece
Cassidy Martinez,se
Carrie Rodriguez,ece
Molly Carlson,mech
Diane Barnes,mech
Cheryl Clark,syde
Terry Smith,mgmt
Heather Mitchell,mgmt
Alexandra Hester,mech
Tammy Rogers,tron
Holly Anderson,mech
David Harris,tron
Tara Riddle,se
Cheryl Mcgee,civ
Scott Lozano,chem
Katie Winters,chem
Steve Armstrong,nano
Nicholas Kelly,ece
Misty Holt,tron
Donna Schmidt,ece
Kimberly Hoover,civ
Tyler Bullock,bme
Stephanie Warner,ece
Hailey Lopez DVM,ece
Amber Norton,nano
Jared Mitchell,ece
Keith Miller,ece
Donald Hudson,chem
Garrett Allen,syde
Stephanie Ramos,mech
Sarah Thompson,se
Amber Warren,ae
Patricia Buck,tron
Thomas Simpson,ae
Elizabeth Reynolds,ece
Lee Chavez,mgmt
Sara Martin,mech
Denise Walters,mgmt
Michael Barnes,mech
Carlos Nielsen,bme
Kristen Nguyen,tron
Jill Snyder,se
Dustin Martin,ece
Nicholas Knapp,civ
Lisa Wilkinson,ece
Haley Gallagher,syde
Scott Hawkins,ece
James Walker,syde
Rita Jenkins,ae
Terry Fowler,mgmt
Robert Rios,ece
Jennifer Salinas,se
Jackie Hall,tron
Lauren Wiley,tron
Jason Hoover,mech
Michael Williams,ece
Amanda Lopez,ece
David Wells,ece
Wesley Cox,ece
Erika Weiss,bme
Michael Ballard,tron
Miranda Smith,ece
Andrew Russell,ece
Ryan Weaver,tron
Sean Lee,tron
Kathleen Lee,ece
Jesus Chung,ece
Mark Woods,chem
Janet Campbell,tron
Benjamin Kidd,chem
Pamela Cooper,chem
Richard Gonzalez,ae
Ian Smith,chem
Jennifer Lewis,chem
Frederick Parker,ece
Jessica Hensley,tron
William Bell,mech
Ryan Newman,ece
Robert Kelley,syde
Randy Keller,civ
Sarah Carr,bme
Catherine Patrick,ae
Brittany Watts,mech
Anne Watson,se
Angela Hunter,mech
Erin Waters,tron
Sheila Ware,mgmt
Tracy Greene,env
Carrie Wilson,mech
David Burke,bme
Joshua Beck,env
Elizabeth James,syde
Joseph Vasquez,ece
Christopher Sheppard,bme
Daniel Wilkins,nano
Gina Long,tron
Luke Rodriguez,mgmt
Dalton Thomas,ece
Shelley Williams,mgmt
Jason Wright,civ
Mrs. Katherine Lucas,se
Jessica Peterson,mech
Mr. Christopher Alexander,ece
Matthew Taylor,civ
Sheila Cunningham,mech
Rickey Parsons Jr.,tron
Justin Sullivan,ece
Sarah Shaw,ece
Rachel Flores,syde
Patrick Conner,mech
Douglas Woods,ece
Richard Jordan,mech
Lisa Holt,chem
Sarah Perez,bme
Julie Spencer,ae
Joshua Porter,tron
Meghan Hebert,env
Darin Sanford,syde
Kenneth Chase,env
Richard Estes,tron
Stacey Roberts,tron
Tony Larson,tron
Roy Hodges,ece
Earl Winters,bme
Kayla Gray,ae
Zachary Compton,se
Robert Boyd,ece
Paul Taylor,ece
Jennifer Porter,tron
Shelley Bryant,ece
Edwin Jones,tron
Connie Schultz,mech
Kelsey Sheppard,se
Jonathan Peters,ae
Robert Stanley,ece
Joseph Peterson,tron
Cheryl Oconnor,civ
Jacqueline Schultz,civ
William Richardson,syde
Nicole Mcgrath,se
Heather Jensen,mgmt
Alexander Smith,tron
Susan Franklin,mech
Tammy Steele,ece
Brandon Skinner,tron
Joseph Williams,tron
David Middleton,ece
Kimberly Myers,ece
Allen Brown,mgmt
Melissa Williams,env
Walter Singh,tron
Spencer Roman,tron
William Wilson,ae
Christian Wilson,syde
Teresa Parker,ece
Lindsay Curry,ece
Brittany Salinas,ece
Cynthia Cooley,tron
Jenna Trujillo,ece
Scott Jones,ece
Danny Gonzales,ece
Kelli Stone,mgmt
Wayne Weber,tron
Jamie Brown,syde
Monica Martinez,env
Logan Gomez,se
Tara Hunt,tron
Chad Owen,ece
Anne Thomas,ece
Kristin Jones,mgmt
Mary Montoya,ece
Ronald Casey,tron
Nathan Davis,se
Natalie Ryan,syde
Jill Farrell,mech
James Cole,tron
Lisa Evans,ece
Danielle Williams,tron
Jennifer Osborne,ae
Samuel Young,env
Daniel Jones,env
Evan Perkins,tron
Angela Freeman,ece
Matthew Reid,ece
Eddie Gonzalez,nano
Sarah Flowers,ece
Ryan Baker,ece
David Smith,se
William Cooper,nano
Miss Jennifer Gallagher,bme
Brian Parker,mech
Robert Smith,mech
Amanda Whitney,ece
Derek Johnson,ece
Kenneth Smith,bme
Crystal Griffith,tron
Alexander Rowland,mgmt
Mary Tran,mgmt
George Hunter,se
Shawn Smith,tron
Katherine Mathews,bme
Stephanie Shaffer,ae
Ashley Fry,ae
Robert Henson,tron
Derek Allen,tron
Travis Farmer,ece
Erin Klein,ece
Michele Solis,env
Steven Allen,ece
Heather Fuentes,tron
Daniel Franklin,bme
John Rivas,tron
Eddie Banks,mech
Robert Carter,ece
Brian Mcbride,se
Katherine Gonzalez,civ
Breanna Small,bme
Paula Combs,ae
Brent Morris,geo
Robin James,ece
Robert Bryant,mech
Joseph Wright,se
Amber Patton,mech
Mark Gibson,mech
Charles Chase,ae
Lindsey Deleon,ece
Tammy Franco,tron
Austin Wilson,se
Justin Carson,civ
Nicole Taylor,bme
Ann Taylor,mech
Vincent Walker,mech
Matthew Juarez,bme
Kathleen Brown,ece
Lauren Vazquez,ece
Brandon Lee,ece
Latasha Barajas,tron
Joseph Valdez,ece
Nathan Miller,civ
Jennifer Duffy,mgmt
Patricia Ross,bme
Adrian Miller,mech
Debra Gonzalez,syde
Marc Wright,mech
Susan Williams,se
William Black,bme
William Stone,tron
Miranda Mcdaniel,ae
Kevin Sandoval,tron
Elizabeth Faulkner,chem
Richard Perez,ece
Kimberly Hawkins MD,ece
Michael Reyes Jr.,tron
Megan Brown,nano
Morgan Sparks,ece
Kimberly Garcia,mech
Joseph Miller,nano
Sandra Matthews,nano
Mark Taylor,ece
Anita Watson,mech
Shannon Drake,mgmt
John Zhang,mech
Brian Garcia,mgmt
Terry Walton,bme
Lauren Martinez,mech
Leah Payne,mgmt
Mary Pennington,ece
Robert Luna,tron
Jessica Cook,mech
Sarah Greene,tron
Andrew Stewart,ece
Amy Santos,ece
Seth Zuniga,chem
Bryan Bennett,ece
Sean Kent,nano
Brian Tran,ece
Danielle Payne,syde
Jonathan Murphy,tron
Brandy Farmer,tron
Johnny Rodriguez,ece
Stephanie Mora,chem
Anthony Morales,env
Catherine Carter,tron
Joanna Mitchell,chem
Jeremiah Garcia,mech
Jennifer Rose,mech
Jeremiah Jefferson,mech
Mr. James Carson,mech
Amanda Odonnell,se
Debbie Diaz,mech
Benjamin Cox,ece
Regina Stark,chem
Anne Vaughan,tron
Michael Hess,civ
Wendy Herrera,syde
Lindsey Singleton,mgmt
Sara Garza,civ
Kayla Rice,tron
Alyssa Khan,tron
Elizabeth Mccullough,geo
Daniel Quinn,ece
Andrea Shaw,bme
Jennifer Bruce,env
Bobby Sanford,civ
Robert Patel,civ
Elizabeth Fowler,ece
Sherri Obrien,tron
Jesse Thomas,ae
Ryan Warren,ece
Joel Jackson,bme
Danielle Parks,env
Amanda Allison,syde
Tonya Smith,ece
Thomas Cook,ece
Kaitlin Contreras,civ
Michael Jimenez,ece
Rachel Richardson,civ
Lori Durham,civ
Dr. Jason Lawson,env
Kelly Waters,ae
David Calhoun,civ
Connor Morgan,mgmt
Amanda Clark,mech
Brian Flowers,bme
Andrea Miranda,civ
Ann Parrish,tron
Anne Reed,ece
Drew White,ece
Aaron Ford,bme
Valerie Reynolds,ae
Gary Santana,mech
David Rice,tron
Kevin Haynes,tron
Nicole Diaz,tron
Elizabeth Miller,nano
Stephen Wilkinson Jr.,syde
Becky Johnson,nano
Melissa Robertson,syde
John Lewis,nano
Joel Walker,se
Annette Johnson,ece
Richard Martin,env
Jessica Brooks,tron
Heather Williams,chem
Christopher Brock,tron
Gabriella Smith,mech
Teresa Dougherty,ece
Savannah Martinez,chem
Dr. Michael Wilson,bme
Jesse Hoover,tron
Mark Mcdonald,mech
Eric Mills,tron
Amanda Carpenter,tron
David Becker,mech
Dorothy Nelson,ece
Rebecca Lee,env
Katie Washington,ece
Tina Roth,mech
Miss Valerie Salas,mgmt
Richard Dalton MD,tron
Edwin Thornton,ece
Chelsea Rojas,se
Jennifer Hansen,civ
Amanda Beard,ece
Lisa Smith,ece
Andrew Garza,se
Nathaniel West,ece
Laura Rodriguez,mgmt
Joshua Travis,tron
Eddie Franklin,ece
Roger Rojas,mech
Connor Martin,tron
Shawn Rodriguez,chem
Sydney Long,ece
Scott Leblanc MD,tron
Teresa Davis,syde
Felicia Bates,tron
Hector Garcia,tron
Nancy Ayers,mgmt
Michelle Rodriguez,ece
Anthony Rogers,ece
Emily Deleon,ece
Jonathan Maldonado,mgmt
Jason Davis,mech
Christopher Gonzales,tron
Bryan Coffey,mech
Helen Barber,tron
Roberto Roberts,chem
Jason Leon,se
James Bailey,ece
Tammy Hunter,mech
Samantha Wheeler,ae
Ashley Rosales,mech
Brittney Johnson,ece
Corey Robbins,ece
Jaime Anderson,ece
Alexandra Walker,se
Timothy Hall,ae
Benjamin Anderson,nano
Michael Hansen,tron
Justin Wood,tron
Stephen Kelly,ece
David Carter,mech
Samantha Lane DDS,ece
Gregory Snyder,mech
Daniel Simmons,civ
Jeffrey Brooks,tron
Dylan Gonzales,ece
Danielle Martinez,bme
Shawn Thomas,tron
Christopher Martinez,ece
Shawn Peterson,tron
Gary Foster,tron
Kathryn Dixon,mech
Jessica Taylor,ece
Jose Blanchard,mgmt
Melissa Cooper,nano
Brandon Harris,bme
Alyssa Soto,syde
Brittany Jones,chem
Holly Reid,ece
Billy Watson,tron
Dwayne Reed,tron
James Fisher,geo
Valerie Edwards,nano
Seth Foster,mech
Christopher Leonard,bme
Victoria Flowers,se
Jerome Williams,ece
Patrick Calderon,tron
Jeremy Bishop,ece
Andrew Tate,civ
David Perry,syde
Charles Lopez Jr.,tron
Jacob Krueger,se
Jeff Aguilar,ece
Russell Stone,ece
Gregory Robertson,env
Laura Henderson,chem
Eric Robinson,ece
Amy Farrell,chem
Lonnie Brown,civ
Lisa Martin,mech
David Moore,ece
Michael Stewart,mgmt
Ann Austin,ece
Jessica Schaefer,bme
Robert Wang,tron
Anita Jordan,syde
Jay Marshall,ae
Manuel Jimenez,nano
Ronald Johnson,ece
Daniel Clark,tron
Colleen Hamilton,tron
Allison Ayala,env
Bruce Taylor,nano
Rodney Cox,mech
Janet Watson,nano
David Whitney,tron
Michael Clark,nano
Erica Rogers,mech
Briana Price,bme
Kimberly Davis,mech
Shannon Cochran,bme
Roberto Williams,ece
Scott Ramirez,ece
Mary Robbins,ece
Scott Ward,tron
Erika King,ece
Carlos Davidson,se
Erica Mathis,se
Joanna Zimmerman,mech
Katherine Smith,ece
Sandra David,ece
Mrs. Sara Dean,env
Danielle Moses,env
Matthew Barnes,tron
Terrance Jones,mech
Kimberly Ware,se
Roy Walker,ece
Steven Sullivan,tron
Kelli Peterson,nano
Shannon Bryant,ece
Stephanie Gonzalez,mech
Amanda Eaton,syde
Laura Thomas,tron
Dr. Cynthia Powell MD,tron
Jamie Meyer,chem
Michael Simpson,mgmt
Michael Sloan,ece
Danielle Long,nano
Kenneth Alvarado,se
Austin Moore,mech
James Ramos,ae
Joseph Watkins,ece
Kimberly Decker,ae
Hailey Carter,ece
Cynthia Hill,ece
Keith Mason,tron
Kelly Allen,civ
Crystal Monroe,tron
Mr. Michael Fox Jr.,se
Evan Brown,syde
Mrs. Allison Durham PhD,nano
Cassidy White,ae
Jermaine Flores,syde
Kerri Beltran,chem
Kimberly Sullivan,tron
Anthony Scott,syde
Mckenzie Anderson,mech
Monica Miller,se
Sherry Johnson,tron
Micheal Porter,bme
Barbara Hall,chem
Peter Lopez,tron
Michelle Lara,se
Vanessa Roth,mgmt
Bianca Ruiz,mech
Alexis Kelly,mech
Jennifer Jimenez,ae
Paul Perez,geo
Frederick Joyce,syde
Michelle Cole,chem
Daniel Kent,ece
Nathan Houston,tron
Nicholas Williams,mech
Justin Smith,nano
Stephen Brown,ece
Christine White,ece
Linda Smith,bme
Anna Delgado,ece
Adam Frank,syde
Jose Pratt,mgmt
Kelly Jones,bme
Jessica Austin,syde
Jennifer Hughes,ece
Desiree Juarez,civ
Andrew Smith,tron
Sheila Morris,env
Alexis Tran,se
Brandon Wilson,tron
Eric Herrera,ece
Hannah Wilcox,nano
Benjamin Vasquez,syde
Dr. Clinton Miller,ece
William Mcbride,ece
Lawrence Silva,ece
Shelly Gibbs,syde
Dr. William Ramirez,se
Kayla Thompson,chem
Melissa Wang,ece
Rachel Simmons,chem
Jennifer Moreno,tron
Dr. Alison Haley,ece
Mark Rivera,tron
Lynn Khan,se
Eric Randolph,nano
Katherine Lee,ece
Shawn Foster,mgmt
Ashley Vincent,mech
Megan Patterson,mech
Alexandra Potter,ece
Melissa Hall,civ
Miguel Valdez,ece
Rebecca Powell,mgmt
Jamie Williams,nano
Haley Gentry,mgmt
Savannah Powers,geo
Lisa Ingram,nano
Russell Smith,ece
Damon Moore,ece
Emily Lutz,tron
Lauren Maynard,ece
Diane Robinson,env
Jonathan Sanders,ae
Jack Adams,ece
Renee Hernandez,chem
Marcus Taylor,mgmt
Mary Barnes,ae
Jason Cantrell,ece
Martin Nelson,ae
Melissa Colon,tron
Cheryl Juarez,ae
Tammy Wade,bme
Mark Melendez,mgmt
Abigail Collins,se
Debra Berger,ece
Robin Williams,mgmt
Ryan Hill,mech
Justin Bailey,tron
Ian Velasquez,mech
Oscar Chen,tron
John Palmer,civ
Richard Rice,mech
Timothy Noble,tron
Erin Love,env
Travis Wells,se
Todd Clark,mech
Micheal Martin,mgmt
Colleen Hill,mech
Anna Mooney,ece
Rachel Boone,civ
Walter Garrett,civ
Ashley Mills,tron
Brian Powers,chem
Christopher Stone,syde
Valerie Farrell,ece
Dr. Zachary Lee,syde
Todd Smith,bme
Ashley Gamble,env
Cassandra Paul,mgmt
Carlos Willis,env
Tamara Jackson,civ
Marcus Perez,syde
Christina Mejia,nano
Stephanie Allen,tron
Adam Vang,bme
Natasha Smith,chem
Tracy Lopez,ece
Jacqueline Daniels,se
Holly Johnson,env
Jeffrey Garcia,bme
Kathryn Cook,mech
Jessica Tucker,mech
Christine Garrett,syde
Patricia James,ece
Angela Bowman,ae
Dennis Gonzalez,mgmt
Jamie Noble,nano
Alyssa Clark,mech
Patricia Taylor,ece
Veronica Contreras,ece
Craig Murphy,bme
Dana Flores,mgmt
Amanda Green,mgmt
Debra Thompson,ece
Brad Smith,tron
John Christian,se
Meredith Johnson,civ
Dr. Gerald Ingram,chem
Kevin Sanders,ece
Randy Hill,tron
Suzanne Thompson,ece
Douglas Evans,ece
Samuel Palmer,tron
Jordan Lee,mech
Steven Morgan,ae
Colin Grimes,syde
John Turner,tron
Samuel Conley,bme
Michael Hoover,ae
Bryce Anderson,syde
Laura Lee,ece
Tonya Munoz,tron
Denise Wilson,tron
Gregory Davidson,civ
Derek Smith,mech
Jessica Johnston,mgmt
Tracy Wood,civ
Sarah Hughes,mech
Amanda Burgess,ae
Misty Kane,mgmt
Ralph Brown,ece
Brett Hernandez,mech
Melissa Evans,ece
Laura Baker,tron
Dennis Scott,mgmt
Matthew Thompson,mech
April Wise,syde
Joseph Thompson,ece
Justin Ramirez,syde
Jennifer Olson,civ
Nancy Mitchell,se
David Gutierrez,syde
David Davis,ece
James Turner,civ
Brenda Morgan,ece
Nicole Benitez,mgmt
Isaac Cooley,ece
Andrew Williams,tron
Amy Thomas,tron
Amanda Hall,civ
Alan Wiley,syde
Michael Salas,mech
Erin Swanson,se
Jim Wright,nano
Christopher Vega,tron
Scott Stewart,tron
April Frost,ece
Pamela Carter,civ
Alicia Johnson,syde
Edward Sullivan,ece
Kelly Peterson,env
Emma Hill,ae
Gary Mason,ece
Mrs. Julie Welch,mech
Jennifer Lopez,ece
Sydney Turner,chem
Jeffrey Duncan,ece
Thomas Jones,ece
Virginia Gomez,ece
Jeffrey Gilbert,tron
Chris Pitts,env
Erin Robinson,mech
Grant Mcfarland,chem
Melissa Ware,mech
Robert Drake,bme
Charles Moore,env
Kristy Solis,chem
Dr. Barbara Brady,bme
Holly Harrington,nano
Valerie Baker,env
Charles Charles,syde
Matthew Hall,ece
Sharon Tate,chem
Mike Long,chem
Joseph Johnson,chem
Wesley Mccarty,nano
Kristen Mitchell,chem
Tyler Reyes,mgmt
Linda Forbes,tron
Margaret Moore,ece
Nathaniel Marshall,ece
Todd Martin,tron
Michael Casey,bme
Crystal Fields,civ
Tiffany Martinez,tron
Martha Rangel,nano
Stephen Snyder,mech
Samantha Wilson,mech
Amy Gonzalez,civ
Lori Fitzgerald,ae
Kara Rodriguez,mech
Douglas Higgins,tron
Kenneth Lee Jr.,ece
Sandra Riddle,ae
Michael Whitaker,ece
Patricia Foster,civ
Jill Robinson MD,tron
Sandra Contreras,bme
Stephanie Goodman,ece
Jared Contreras,ece
Eric Berg,syde
Thomas Knight,ae
Julie Wallace,tron
Tyler Sanchez,tron
Jenna Alvarez,bme
Trevor Nunez,bme
Paul Mills,nano
Benjamin Weaver,se
Dana Baker,ae
Sonya Blake,civ
Brian Palmer,se
Amy Mccall,chem
Kristina Miller,nano
Tom Mcguire,chem
Timothy Yoder,mgmt
Phyllis Griffin,mech
Veronica Richmond,ece
Eugene Lambert,ae
Heather Lopez,bme
Gary English,chem
Helen Moyer,mech
Dawn Mccann,ece
Renee Ferguson,syde
Destiny Ramirez,syde
Terri Davis,ece
Richard Stewart,tron
Troy Lopez,se
David Mcdonald,tron
Michele Smith,syde
Kevin Cruz,bme
Danny Wilkerson,se
Craig Woods,ece
Amber Sellers,env
Stephanie Rodriguez,ece
Monica Snyder,se
Victoria Robinson,tron
Misty Johnson,mgmt
Sara Robertson,civ
Karen Hester,chem
Scott Craig,mech
Kristin Henderson,syde
Nicole Garcia,ece
Ricky Dalton,tron
Kimberly Cannon,bme
Jasmine Carter,ece
Courtney Smith,mech
Amanda Ward,tron
Dr. John Powers,mgmt
Michael Koch,chem
Robert Andrews,ece
Frederick Taylor,ece
Bianca Perez,bme
Matthew Wright,syde
Jennifer Lopez,mech
Erica Powell,nano
Daniel Powers,ae
Jennifer Barker,mech
Jamie Watkins,civ
Lisa Cummings,ece
Daniel Delgado,tron
Shannon Melendez,mgmt
Anthony Castaneda,mgmt
Stephen Bender,mech
Toni Norman,se
Dennis Short,tron
Corey Parker,ece
Nicholas Brown,env
Andrew Buchanan,bme
Penny Davis,tron
Allen Brown,ae
Felicia Solis,civ
Stacy Rivera,chem
Kaitlyn Brown,nano
Roger Simmons,tron
Tina Navarro,ece
Jocelyn Washington,ece
Juan Perry,ece
Latoya Rodriguez,se
William Lambert,tron
Taylor Hernandez,nano
Bobby Finley,civ
Dana Peters,bme
Kathleen Patel,mgmt
Alyssa Douglas,ece
Brian Gomez,tron
Sandra Barber,tron
Theresa Cain,civ
William Lewis,tron
Jennifer Armstrong,ece
Paul Moon,tron
Sydney Fleming,mech
Amy Hill,nano
Kenneth Lyons,nano
Kristie Cox,mgmt
Michael Moore,se
Michael Thompson,bme
Robert Martin,ece
Christine Cox,se
Kayla Wells,mech
Joy Brown,ece
Jill Webb,civ
Jim Jackson,syde
Karen Mcclain,nano
Cody Clark,ece
Matthew Gentry,nano
Norma Morse,se
Hannah Simmons,se
Maria Bailey,mech
Sabrina Russell,tron
Amy Kramer,se
Sharon Harvey,civ
Carmen Smith,nano
Sharon Becker DVM,mgmt
Robert Brown,mgmt
Maria Taylor,mech
Kyle Fisher,mech
Mary Lopez,ece
Anita Jones,syde
Taylor Walker,chem
Amy Saunders,tron
Jennifer Sherman,ece
Edward Sosa,nano
Evan Smith,ece
Nicholas Hill,chem
Julia Perry,mgmt
Kurt Taylor,mech
Chris Price,mgmt
Stephanie Williams,ae
Christina Brown,mgmt
Matthew Walsh,ae
Nathaniel Jordan,civ
Connie Rodriguez,chem
Rhonda Kim,civ
William Howell,tron
Taylor Holland,nano
Randall Howard,se
Jeffrey Erickson,chem
Joseph Stephens,tron
Michelle Brock DDS,nano
Susan Green,mech
Thomas Clark,mech
Lisa Cohen,civ
Sonya Crawford,chem
Amber Davis,se
Brenda Stephens,ece
Shannon Underwood,ece
Barbara Adams,bme
Meghan Simpson,civ
Ronald Charles,ece
Ashley Sanchez,mgmt
Mr. Andrew Diaz Jr.,civ
Michael Martinez,mech
Shawn Hart,se
Cathy Jackson,se
Spencer White,tron
Abigail Salinas,ae
Ashley Mcneil,bme
David Sanchez,mech
Jonathan Ramirez,syde
David Chang,chem
Derek Lopez,civ
Barbara Poole,nano
Peter Fuentes,ae
Jeffrey Young,tron
Crystal Smith,chem
Martha Craig,civ
Lisa Powell,mech
Laura Morgan,se
Kathryn Mccormick,ae
Aimee Rodriguez,tron
Jesse Rogers,nano
Daniel Boyle,tron
Robert Miller,env
Dylan Williams,tron
Leah Cummings,nano
Rebecca Hernandez,se
Amy Hobbs,ece
Aaron Patel,ece
Julie Clark,mech
Justin Pena,tron
Joanna Roberts,se
Paul Wilson,ae
Courtney Wilson,tron
Jose Gordon,mech
Jaime Parker,syde
Robert Brown,ece
Timothy Johnson,mech
Diana Lopez,syde
Blake Harrell,se
Aaron Hernandez,nano
Patrick Peterson,nano
Susan Arnold,ece
Michael Ruiz,bme
Todd Long,ece
William Bennett,chem
Tiffany Love,ae
James Smith,tron
Mark Dickerson,ece
Brian Wells,se
Donna Morris,se
Cameron Macdonald,ece
Kerry Callahan,se
Nicole Martinez,ece
Calvin Conner,mech
Jennifer Scott,ece
Michelle Smith,chem
Kathryn Martinez,syde
Corey Colon,ece
Timothy Armstrong,ece
Ryan Pierce,tron
Denise Gonzalez,tron
Jonathan Martin,chem
Abigail Brown,env
Courtney Bentley,mgmt
Nathaniel Goodwin,bme
Amanda Martinez,ece
Christopher Cruz,ece
Diamond Moore,mgmt
Amanda Harvey,bme
Stephanie Smith,nano
Mr. Anthony Chavez,tron
Mary Hunter,se
Patty Nelson,bme
Kimberly Parker,env
Ashley Love,ece
Gloria West,ae
Lisa Clarke,mech
Robert Hardy,civ
William Roberson,tron
John Kim,chem
Ashley Zamora,ece
James Morris,ece
Bonnie Fritz,mgmt
Lee Young,ece
Cameron Taylor,ae
Robin Morris,mgmt
Helen Alvarez,chem
Jennifer Brown,nano
Tim Wood,chem
Sarah Small,ece
Katherine Durham,se
Kristen Meyers,syde
Arthur Johnson,mgmt
Kathryn Spears,se
Joseph Curtis,mech
Brian Sanchez,ece
Robert Meza,ece
Wendy Flowers,tron
Luis Horton,se
Shane Mitchell,ece
Terry Cameron,mgmt
Stanley Williams,syde
Katie Hamilton,chem
Aaron Farley,se
Jamie Tran,ece
Tracy Dawson,ece
Anthony Park,ece
Gloria Spencer,tron
Juan Saunders,tron
Jason Lewis,chem
Jacob Morgan,mech
Allison White,env
Catherine Mcguire,se
Colleen Ramos,ece
Monica Wallace,chem
Rebecca Stevens,ece
Christopher Molina,civ
Kevin Cain,tron
Courtney Stein,chem
Alexander Chavez,ece
Julie Klein,ece
Rachel Rivera,ece
Steven Nelson,chem
Stacy Williamson MD,tron
Debbie Bennett,civ
Raymond Holt,tron
Ryan Edwards,mech
Glen Solis,se
Daniel Jackson,mgmt
Barbara Thomas,mech
Karen Perez,mech
Brittany Cook,bme
Jeremy Johnson,ece
Brianna Singleton,env
Russell Holland,se
Mark Mendoza,chem
Dawn Wilson,syde
Leslie May,chem
Terri Thompson,mech
Ryan Kennedy,nano
John Garrison,ece
Breanna Jones,mgmt
Christopher Wilson,mech
Denise Hutchinson,ae
Jessica Smith,chem
Tracy Smith,civ
Olivia Bailey,tron
Anna Rios,tron
Sally King,ece
Katherine Dorsey,env
Garrett Frost,mgmt
Christina Moses,bme
James Harmon,syde
Brian Johnson MD,mech
Christina Gilbert,ece
Patricia Johnson,tron
Benjamin Jones,ece
Katie Rodriguez,mgmt
Andrew Johnson,ece
Nicholas Bender,civ
Michael Taylor,tron
Caleb Grant,civ
Jasmine Jordan,bme
Mrs. Abigail Burns,ae
Frederick Stewart,nano
Patricia Burns,chem
Elizabeth Fitzgerald,tron
Kelly Campos,ae
Elizabeth Campos,mech
Krystal Gray,chem
Zachary Turner,nano
Rebecca Carter,tron
Peter Garza,ece
Jason Taylor,mgmt
Shawn Smith,ae
Ryan White,ae
Jason Carroll,ece
Dawn West,tron
Olivia Bauer,ece
Heather Davis,mgmt
James Maynard,tron
Matthew Livingston,ece
Sheena Gilmore,se
Brenda Carpenter MD,ece
John Gomez,ece
Andrew Ward,bme
Morgan Smith,mech
Sara Smith,tron
Gail Harper,ae
Alexis Long,ece
Derek Moore,ece
Angelica Pope,se
Annette Ali,ece
Beth Hoover,geo
Michael Cummings,syde
William Estrada,chem
Virginia Taylor,syde
Aaron Beltran,ae
Andrew Butler,geo
Larry Smith,tron
Jason Wood,civ
Linda Greene,ae
Alfred Ochoa,se
Brian Cain,se
Eric Jackson,ece
William Hampton,civ
Timothy Hall,tron
Laura Orozco,se
Alexis Martinez,tron
Corey Frederick,se
Rachel Nguyen,mech
Jerry Valdez,ece
Tara Lee,nano
Ronald Nelson,civ
Keith Foster,nano
Julie Newman,syde
Michael Wheeler,chem
Sergio Sheppard,ece
Richard Perez,env
Tracy Turner,mech
Benjamin Day,ece
Kristina Hunt,ece
Jose Wilson,civ
Michelle Morris,ece
Kelly Martinez,tron
Tina West,syde
Jennifer Summers,bme
Dr. Shelley Hickman,ae
Adam Freeman,tron
Michael Ramirez,mech
Cheryl Castaneda,civ
Jessica Gilmore,se
Rebecca Bass,civ
Donna Vasquez,se
Samuel Perry,tron
Ryan Lawrence,syde
Tony Klein,env
Savannah Fuentes,tron
Christina Martinez,chem
Cynthia Banks,bme
Richard Valdez,se
Christopher Mcdaniel,syde
Vanessa Lozano,nano
Jessica Poole,tron
Phillip Davis,bme
Lisa Delgado,nano
Melanie Miles,ece
Cindy Davis,tron
Anthony Evans,chem
John White,chem
Tiffany Guzman,mech
George Price,bme
Stephanie Yates,civ
Michael Parker,tron
Robert Shields,mgmt
Brenda Brown,ece
Jennifer Singh,mgmt
Lawrence Stanley,ece
Stephanie Mccall,tron
Alexandra Robinson,tron
Dana Mitchell,se
Edward Roberts,mech
Valerie Stevens,mech
Laura Clark MD,env
Lisa Smith,chem
Ryan Howell,civ
Jason Willis,ece
Terrence Huerta,chem
Tiffany Rogers,ece
Jennifer Osborne,chem
John Miranda,mech
Tami Hansen,ece
Brian Bell,ece
Crystal Pennington,mech
Suzanne Landry,se
James Johnson,mech
Ryan White,tron
Angela Nichols,tron
Angela Shea DDS,ece
Calvin Thompson,civ
William Daniels,tron
Christopher Richards,se
Kimberly Campos,bme
Brianna Buchanan,nano
James Cook,nano
Albert Lynch,ece
Darius Smith,se
James Terrell,ece
Victor Rogers,ece
Barbara Hartman,mech
John Welch,nano
Gene Santos,se
Lori Smith,ae
Debra Adams,mech
Shane Chavez,ece
Dawn Hunt,ece
Cameron Dickerson,nano
Sarah Taylor,ece
Rachel Underwood,civ
Stacey Williams,bme
Anthony Gonzales,chem
Rebekah Chapman,ece
Austin Walker,env
David Nelson,ece
Jennifer Miller,tron
Nicholas Collins,ae
Caroline Brown,ece
Eric Moyer,syde
Mariah Chase,se
Matthew Bartlett,tron
Richard Parker,ae
Philip Torres,mech
Juan Garcia,ece
Sandra Anderson,tron
Jacob Mitchell,nano
Shane Nelson,civ
Jamie Martin,se
Tiffany Hunt,civ
Alexandria Harding,nano
Michele Wright,nano
David Mills,mech
Savannah Burnett,tron
Robin Perez,ece
Charles Copeland,mech
Kimberly Simon,bme
Heather Pham,ece
Rachel Byrd,syde
Austin Johnson,nano
Margaret Huang,ae
Jessica Cook,ae
Jacob Rose,bme
Sara Shields,mgmt
Douglas Chen,bme
Joshua Hartman,bme
Dennis Wood,tron
Danielle Gordon,bme
Kenneth Strong,ece
Troy Olson,tron
Jesse Bush,se
Matthew Pham,civ
Alexandra Alexander,chem
Lindsey Miranda,ece
Sheryl Lee,chem
Amanda Floyd,civ
Nicholas Harrell,tron
Bethany Pearson,bme
Dwayne Osborne,tron
Lisa Baird,ece
Kristy Sandoval,civ
Garrett Ramirez,ae
Christopher Torres,mech
Kim Bolton,bme
Jasmine Edwards,se
Alyssa Morrison,ece
James Moore,ece
Heidi Jones,tron
Cindy Cruz,syde
Kenneth Strong,chem
Michael Mullins Jr.,tron
Melissa Soto,se
Alyssa Payne,chem
Caitlin Gonzales,mgmt
Sara Jones,ece
Jeff Peters,tron
David Odonnell,tron
Aaron Moore,ece
Joshua Murphy,mech
Allison Turner,chem
Joseph Davila,ece
Matthew Rodriguez,ece
Jacob Duncan,ece
Jacqueline Nelson,mech
Theresa Bauer,chem
Cathy Smith,se
Nicole Smith,ece
Elizabeth Brown,tron
James Barry,tron
Ashley Beck,bme
Larry Christian,ece
Darin Reed,mech
Cynthia Strong,syde
Dr. Amy Nguyen DDS,mech
David Curtis,tron
Denise Johnson,mech
Audrey Johnson,ece
Kevin Lynch,civ
Rachel Molina,ae
Cathy Andrews DDS,ece
Jeremy Hall,ece
Tammy Holmes,se
Marissa Miller,se
Kara Hoover,tron
Ian Gibson,mech
Nicole Simmons,tron
Valerie Huynh,env
Terri Williams,chem
Susan Howard,se
Lisa Blackwell,mech
Thomas Wright,ece
Peter Lewis,mech
Karen Bishop,tron
Joseph Golden,civ
Robert Bennett,ece
Nathan Silva,se
David Jones,ece
Bryan Smith,ece
Kevin Rodgers,bme
Mrs. Mary Carr MD,civ
Denise Mitchell,env
Tanya Thomas,ece
Christopher Khan,tron
Stephanie Robinson,civ
Joseph Wong,chem
Benjamin Cordova,ece
Edwin Fuentes,bme
Cindy Salas,ece
Eric Wang,env
Cody Rodriguez,ece
Dillon Evans,se
Carol Hawkins,civ
Jeremy Pratt,mech
Danielle Porter,ece
Carmen Mccann,ece
James Hughes,ae
Michael Rice,nano
Melissa Ross,ece
Michael Griffin,chem
Lisa Kent,mech
Tracey Fisher,ece
Vincent Gardner,mgmt
Dylan Sullivan,civ
Brandon Pearson,ece
Lindsey Carter,tron
Sean Smith,se
Sarah Moore,syde
Stephen Quinn,tron
Jennifer Johnson,nano
Stephen Saunders,ece
James Fleming,mgmt
Michelle Baxter,ece
James Perez,tron
Charles Stewart,ece
Jennifer Drake,tron
Barbara Brooks,mech
Michaela Robinson,civ
Allison Dominguez,mgmt
Sean Klein,se
Troy Richard,ece
Juan Mckay,mgmt
James Kline,mech
Paul Graham,mgmt
Anthony Baker,ece
Shawn Wilson,mech
Michele Perez,ece
Michelle Wilson,civ
Heather Silva,se
David Johnson,civ
Linda Zuniga,chem
Kristina Robinson,mech
Kelly Williams,ae
Sara Salazar,mech
Robyn Chen,bme
Catherine Johnson,mech
Curtis Mills,se
Shelby Porter,mech
Stephanie Lee,ece
Ashley Rose,mgmt
Theresa Thompson,ece
