Fullname,Department,Watiam
Richard Walker,ece,tltkcozs
Charlene Kline,tron,qlexuyzz
Casey Morrison,nano,mochzdym
Craig Sims,ece,kjhjjngj
Andrew Salazar,ece,lcptzcxp
Janet Lane,syde,kdleqaux
Christian Mccall,syde,utibssuq
Erica Moss,syde,ryawesyz
Tyler Weiss,tron,utswidkt
Bobby Blair,tron,ddwwhyef
Joseph Walter,mech,bkjjakzy
Brandon Brown,ece,kbzhcvbf
Brian Murray,chem,pmokgmvu
Rita Smith,tron,ovxyukxi
James Moore,mgmt,rkqblqee
William Evans,mgmt,qolfkmgk
Sarah Williams,chem,kbgahvxa
Jose Castro,chem,yxkufgyl
Virginia Park,ece,zboctykv
Jason Lee,se,sijbcjjx
Lindsey Walls,civ,kdwblbhn
Travis Reyes,env,hgufovea
Daniel Wyatt MD,mgmt,bdxobnfi
Jennifer Bauer,mech,wesvmthv
Regina Bailey,nano,lyuumdcp
Timothy Cabrera,ece,chsklesd
Nicole King,ece,kdftqkbd
Carol Stokes,nano,yunbmyls
Victoria Armstrong,civ,takwsaeo
Ryan Jones,bme,ssfnadcz
Michael Forbes,bme,xguctboo
Christy Roberts,chem,iwnepqiq
Angelica Neal,se,ksvwrmyn
Donald Valdez,mech,defajfwt
Laura Hayes,ece,mutszrxa
David Dalton,chem,ddionrrb
Maria Gamble,mech,ovwdsrcc
Erin Phillips,chem,rprcagvb
Laurie Hanson,se,muexyidt
Lisa Jenkins,tron,whdvaxdp
Edward Bush,ae,cuahgcfp
Cindy Williams,mech,tlerjiua
David Wright,ece,zatucsfl
Vanessa White,mgmt,rpykvpml
Elizabeth Hunt,ece,ypdfgfol
Angela Kennedy,civ,tauvgyvx
Ryan Melton,tron,kvaziakv
Michael Madden,civ,trtgothp
Michelle Olson,chem,svlhbech
Christopher Hamilton,tron,qyalbacx
William Gomez,se,dcfzhakr
Jessica Baker,bme,qotsgexo
Gregory Acosta,bme,mtusozpn
Elizabeth Rodriguez,ece,xibrfpcj
Keith Ramos,tron,oohyqkwx
Amanda Miller,civ,dzqydpst
Michael Johnson,tron,numvohgx
Stanley Lane,ece,qolkwtkx
Teresa Ayers,mech,yjjhuocx
Thomas Williams,tron,owtpnqbr
Lindsay Aguirre,se,kwrxufip
Robin Crosby MD,mech,dgnnvwzb
Valerie Garcia,tron,otwenogp
John Robinson,ae,grkspcva
Sylvia Schmidt,mgmt,yotshatz
Brandy Murphy,ece,onortxqm
Greg Massey,syde,grvdcqpf
Edwin Jackson,ece,fednnxkl
Christy Brown,se,ssypruzg
Jeffrey Reeves,tron,fnlgomsb
Benjamin Robinson,ece,btikiodh
Keith Coleman,ece,ovhjthjf
David Price,tron,eqjqxifx
Thomas Walker,syde,pudpswbb
James Guerrero,mech,zgcdkzti
Robert Parker,ece,qadyqcuk
Sarah Wiggins,ae,vdlsjgtl
Mrs. Jessica Walton DDS,mgmt,ttegubxx
Mark Hines,ae,vtnfnzqy
Kayla Riley,tron,xezqnzun
Angela Obrien,bme,pnpicnvu
Derrick Torres,tron,mrxfseif
Adam Garcia,chem,gyuqcfxa
Calvin Patton,ece,znmhdoit
Jeremy Kelley,ece,vgsyvvco
Mr. Jeffrey Turner,mech,pgqffvna
Katrina Miller,tron,lcyqzhvj
Samuel Edwards,tron,xebflvps
April Shaffer,tron,xqkkvtiw
Andrew Stein MD,ece,pmgjevho
Sandra Alvarez,chem,kmjnzawa
Shelly Patterson,mgmt,cmpcisci
Brandon Bray,chem,ncxqjpol
Justin Valdez,mgmt,xphgklli
Amy Johnson,mech,insoqnmr
Angela Myers,nano,eqjcscmc
Joseph Collins,mech,ufnadeql
Andrew Murphy,civ,laeieyby
Melissa Jackson,se,nhgztuaz
David Miller,ece,jmnpwyed
Mr. Peter Carson II,mgmt,hqmkkdsj
Logan Thompson,ece,ewpapbhm
Diana Hancock,ae,eliomink
Evan Hill,chem,ihmmiwhz
Brent Fleming,syde,rapdfmzo
Barbara Lucero,ece,myppwvke
Ryan Stanley,tron,yavihvlj
Justin Harris,mech,txxvgsvw
Marilyn Wolfe,mech,dkfcxjrr
Carl Martin,tron,zwmmhboe
Kristi Carson,ece,qlsykgdm
Kelly Willis,ae,cnwvavhh
Jerome Russo,ece,ijmtjrvl
Justin York,civ,mnqsmyhh
Amber Hayes,bme,yugbvbln
Teresa Thomas,ece,udznnajp
Sharon Pierce,ece,optpsjwc
Leslie Davis,civ,usakrncv
Tina Williams,ece,aizfndve
Andrea Cross,nano,reypzwzs
Sally Dawson,mech,fmmhsvxc
Robert Patton,mech,gzvuokrf
Timothy Perez,civ,twmaurlg
James Miller,env,ycxbwihc
Brianna Clark,se,kuonpnlo
Amber Sanders,syde,mpraxpfu
Richard Griffin,ece,kihqfkkw
Katrina Glass,tron,xtynaauy
Nathaniel Reyes,nano,hujznrlz
Kimberly Hooper,ece,mmmjrhhg
Sara Olson,mech,gemtokot
Jessica Joseph,chem,fuilbxxw
Devon Cunningham,ece,fbzetaqv
David Kennedy,ece,ihviwhkq
Patricia Obrien,bme,ltfekefd
Jennifer Richardson,mech,zobtxlkf
Miranda Miller,civ,hzogekaq
Diane Vance,chem,yzxoancn
Jordan Brooks,bme,gokpodey
Elizabeth Frazier,nano,zkyozbhg
Alexis Thomas,se,rpwuwppr
George Richmond,ae,iobyrqje
Kathleen Lawson,ece,wtvbkhym
Christian Austin,se,kabdnazv
Haley Lopez,ece,xaeszxum
Audrey Sanders,ece,ldvqaobg
Robin Bennett,mech,ctqejegv
Christine Allen,mech,attbiwip
Terri Hayes,bme,dgaeucjg
Virginia Peterson,tron,otrsgvpm
Angie Moss,mech,iztzkqqf
Christopher Brown,mech,cabqisus
Kevin Cooley,nano,pcqpphlj
Amber Hoffman,mech,jyzxvjza
Laurie Noble,civ,ilwkypyp
Jason Obrien,tron,semionwz
Bryan Moran,mech,qdfcjhoz
Alison Sullivan,nano,xtwbafjm
Jeffrey Vazquez,civ,wtlywnwp
Crystal Roberson,civ,iespctit
Debra Fleming,env,ifppvwbz
Mrs. Charlene Adams,nano,khgwvmxp
Molly Clark,mgmt,xpibyvmf
Katherine Mckay,ece,ynmvmxek
Daniel Garcia,ece,skegyzhe
David Nguyen,ece,jphrruun
Tanya Landry,chem,sgwktyur
Donald Hansen,ece,eopzdixw
Randy Ramirez,nano,gdpvcrdx
Martin Mccarthy,nano,aiyqwzgn
John Montgomery,ece,cirlosce
Stephanie Roberts,mech,riujjhex
Jill Wolf,ece,velndpwo
Jacqueline Mitchell,geo,zctcenwh
Brad Baker,bme,zokupllx
Kevin Mcguire,chem,pxkudwls
Danielle Chang,tron,bmdfabpp
Colleen Hammond,tron,aivvytfp
Shane Villanueva,nano,ewsevdcf
Derrick Coffey,chem,tskemamj
Kenneth Parsons,bme,ttsffgpa
Leslie George,tron,zocsbubp
Brandon Wong,nano,tamcsljh
Rachel Kramer,ece,pcubtpcp
Alyssa Vazquez,civ,fmlbfgds
Tiffany Mcdonald,ece,abhvdpdd
Heather Walton,nano,fdbkmhsp
Paul Zimmerman,ae,tkhaapex
Cynthia Reed,tron,xrtkbphh
Gilbert Arnold,tron,nvsqqvun
Rebecca Blevins,ece,llpvpgtv
Austin Boone,mech,iuobnryb
Ethan Levy,ece,bwjxcgut
Julia Lopez,mech,umupllsr
Jeffrey Graves,se,vrvtapgv
Sharon Cook,ece,ixbrdkpz
Alex Hendricks,mech,ixrozuhu
Robert Smith,ece,cedujxoz
Lydia Khan,tron,kossojok
Jonathan Powell,tron,hnbcnmnm
Stacey Nguyen,nano,cwffpqxa
Heather Morrison,tron,bgxjetfo
Julie Santos,se,rvmbynmg
Victoria Hunt,ece,onuobler
Mario Johnson,ece,snffqmss
Natasha Johnson,se,vepnbakm
Alexis Burton,mech,wtvcimql
David Kim,ece,uavmkysn
Tracy Roach,bme,pnuvdbvh
Patricia Weaver,ece,vbhemgjn
Sherry Ross,chem,kwyhdheb
Victor Shaw,tron,imaksslw
Jeremiah Freeman,chem,yippojld
Angie Alexander,chem,pezcdaet
John Stout,ae,xfwvgaev
Joshua Mccarthy,env,uxgejkxp
Shannon Torres,tron,vanrqmdr
Theresa Dawson,civ,cvvyfbde
Deborah Hoffman,tron,pvvhdlck
Melanie Manning,tron,fpvcnsrd
Kathryn Smith,chem,tntlplft
Julie Gordon,mgmt,ceumhezh
Christopher Robertson,syde,kklkpolb
Michele Perez,mgmt,dsnqqvwu
Antonio Jordan,env,omvjmbfz
Latoya Lewis,chem,caxejazc
Lisa Richardson,ece,frvsgejd
Kevin Ramos,ece,zbyuxbcy
Richard Wilson,mech,oslvgpty
Emily Burnett,civ,xawuwtey
Susan Williams,nano,ektkoghq
Molly West,mech,uamejoeu
Jeffery Gutierrez,nano,rlngagmx
Susan Odom,ae,wgbfroez
Rachel Hardy,ae,cgvdlnip
Wendy Harris,mech,cclzklbq
Carla Sweeney,nano,szdfzlka
Jason Dalton,syde,ciwueamm
Charles Cole,chem,prfszbyw
Debra Murillo,mech,bitzzbsi
Edward Johnson,tron,kncaulyw
Thomas Frye,mgmt,cjabfqev
Gerald Owen,civ,zpptfvni
Mark Butler,mgmt,ounrrizx
Riley Simon,civ,bxifgebw
Anthony Davis,ece,dodjigin
Jeffrey Hill,mech,paelkivz
Mark Johnson,tron,nxfrfwid
Wendy Garza,tron,bbizoiiz
Richard Kelly,env,vsqsggft
Alexander Glass,se,cqfglxbe
Joel Rivera,ece,lgzqtayo
Morgan Thomas,chem,pgkkfbbt
Ann Davidson,mech,ysqtszva
Jacob Jackson,tron,xodpsysp
Dr. Phillip Pruitt,mech,cdrywwpo
Mrs. Jennifer Ball,ece,cxyaytql
Richard Prince,se,zyqmdizr
Adrian Johnson,mech,rjcgymry
Noah Martinez,ece,vwtdknxv
Meghan Cooper,nano,wrmhswel
Brandon Riley,tron,kddrimjf
Kevin Shepherd,ece,xdmtdqpx
Gregory Beasley,mech,eknvghpw
Courtney Becker,mech,domalkut
Stephanie Jones,mech,mnibqzqx
Isaiah Kelley,bme,ajraloyy
Amber Wolf,ece,fckgxkbh
Joshua Olson,syde,bsjgmhie
Allison Richards,se,cgyetbcn
Nicole Barber,tron,mhtwyqtn
Kristina Hudson,syde,qauohgpe
Nicole Cooper,syde,reokapxs
Scott Richard MD,civ,fgqvuqsh
Virginia Huynh,mech,kndcfrwd
Todd Davila,syde,vvqvemba
Mark Johnston,ae,otbjhbpw
Steven Ross,ece,dxdptkyg
Chelsea Anderson,bme,hvxmbqfx
Natalie Dean,ece,jqdtlzjz
Katie Bennett,ece,atrizciw
Maria Anthony,civ,wbjfamwe
Amy Brown,ae,wmtvwfnc
Austin Baker,bme,daicxwzg
Leslie Williams,nano,xckbkhem
Alexander Monroe,tron,djfflgpd
Tyler Delgado,bme,uyfmkvpg
Justin Lewis,chem,iziqxulx
Kristen Osborn,se,kwawcitf
Catherine Jones,se,clxoessu
Ashley Robinson,syde,ngfrfugt
Melinda Mcgee,se,nsvfomgz
Joshua Haynes,ece,kyvrvchw
Nancy Massey,ece,hsgqivlo
Brooke Schneider,bme,ahxzdlqk
Amber Hunt,mech,bxxfhszi
Tom Brown,se,xkkmowtp
Kimberly Torres,mgmt,hrfangtk
Karen Schneider,tron,wmdcjkmm
Joshua Hall,se,jrecocbj
Meredith Espinoza,ece,zcwbyfhm
Tonya Meyer,chem,ppmoaxhg
Antonio Daugherty,tron,lbnddois
Douglas Clark,ece,svqisoix
Susan Young,mgmt,oegwmbfv
Holly Anderson MD,tron,cqnlitah
Michael Le,ece,whykpmkg
Tracy Griffin,se,ukquruax
Mitchell Rice,ece,sggktcxx
Brenda Jenkins,ece,fnilepjv
Angel Alexander,se,ruupbcid
Joshua White,civ,uciubowp
David Macias,ece,dhqomaje
Brandon Nixon,tron,tgoynznh
Jeremy Rivera,se,foilcily
Tiffany Robinson,ece,ptckwjci
Stephanie Pierce,civ,uzbpwdji
Amanda Bailey,mech,ajgstrfi
Sheryl Dillon,chem,gngdzyhm
Nathan Valenzuela,nano,euoficns
Laura Williams,civ,oskysutx
Jennifer Lewis,ece,lrtzqstr
Zoe Hogan,civ,zfuyusyy
Mario Burke,nano,vzraigam
Theresa Arnold,mgmt,fkzekmcl
Jennifer Smith,ece,vehbufri
Alisha Gill,nano,mmuapdoq
Victor Roberts,ece,togdrdoy
Kelly Gibson,civ,ofwlyozw
Zachary Harris,ece,xcsxjdaf
Jamie Murphy,bme,fnbpqsae
Michael Smith PhD,syde,buxotbtx
Jose Olson,mgmt,qeabancu
Ms. Laura Dean DDS,bme,bbgbohtz
Brian Bailey,se,wwatvezv
Casey Sanders,nano,ycuxtnkd
Samantha Johnson,chem,pwweshje
Renee Stevens,chem,pyttzhxw
Connor Wright MD,mech,wvqkafor
Mia Roberts,ece,ghmidyps
William Harris,chem,idpbotub
Pamela Scott,tron,aiuqgsgu
Julia Fry,tron,lydmuchl
Christopher Hendricks,mech,kcqxgoft
Ellen Meza,ece,dbyblrrp
Nicole Rodriguez,se,lmntrpot
Christine Paul,ece,bcesjspq
David Boyle,se,wihnrxhv
April Evans,mech,nqaipdir
Robin Johnston,ece,nyheupyk
Jordan Martinez,env,ebsmnall
Robert Brandt,mgmt,qdhrslhj
Jamie Long,ece,jkcikadu
Hunter Rivera,chem,exoitkcf
Jacob Davis,mgmt,pfynasjd
Michael Wright,chem,qhemjuzi
Tabitha Rodriguez,tron,ykqceceh
April Wright,tron,ncgljdvp
James Hunt,tron,tmlsrijr
Justin Campbell,mech,vrudqcgf
Jeffrey Clark,ece,epkaqucl
Ruth Wilson,ece,yqurscou
Mark Reyes,syde,bhpyjceq
Laura Long,ae,xykdfhfb
Madison Oconnor,bme,bupvhbxe
Sharon Stevens,syde,rvshstqs
Stephen Mcintosh,ece,xcwcbnjc
Chris Meyers,ece,iwzrvrpq
Jessica Wright,tron,cetyehmx
Kevin Jackson,tron,qjbnwyep
Gary Herrera,syde,wvjgvopm
Jennifer Martinez,mgmt,hlludrnv
Jerome Martinez,mech,fkygmsta
Holly Barnes,nano,fcpsrgam
Meagan Stewart,chem,wvyasgfy
William Hernandez Jr.,ece,agjsbkdm
Danny White,civ,quynwaim
Casey Matthews,ece,aadfypoc
Stephen Stevens,chem,gktlqrwt
Monica Miller,ece,cegpkcbd
Chad Jones,civ,mhbshltt
Jeffrey Smith,se,nrpuaure
Lisa Rogers,mech,hbjlzkqb
Karen Brown,civ,cwhiheco
Heather Quinn,ece,mruxwzue
Mark Sanchez,bme,rvzdfbom
Adriana Macdonald,ece,ucrajkik
Brian Walters,mech,zqznutvj
Angela Rodriguez,ece,otqgvisa
Joshua Roberts,tron,ektqwpwh
Cory Cole,ece,hngzhafa
Frank Snyder,mech,xsrnchii
Brittney Taylor,tron,nighrejc
Edwin Smith DVM,ae,frigejvz
Matthew Moore,mech,hlujjfkn
Jennifer Raymond,ece,dnhwwymg
Dr. Lynn Leon,nano,qzqktbnc
Richard Neal,ece,lbergmvk
James Brown,mech,zeguclwl
Diane Hill,mgmt,obintqbe
Jacqueline King,tron,vgsmamzm
James Johnson,chem,nvkmyevn
Mrs. Barbara Ward,ece,ihzcopnx
Brent Valencia,tron,xcgriyes
Dr. Luke Smith,civ,nrsqldpo
Caleb Martinez,tron,zdiaypsh
Autumn Richards,mech,flpgzvnk
Kyle Jones,chem,shjcvjau
Jason Arellano,mech,lljmfwhu
Jennifer Park,syde,pkrbytwm
Christopher Ali,tron,ntzfrnoh
Priscilla Murray,tron,donzeobi
Marcus Harris,ece,jhsbkzab
Lisa Torres,ece,sdlvrdwi
Nicole Gilmore,ae,borhhito
Michelle Patel,tron,pnajfaos
Alec Jones,civ,eaesvkra
Susan Carter,env,xiprecbx
Sabrina Wood,ece,kojxwnwo
Jose Drake,ece,jvqjhrgn
Nicole Bass,chem,qkeudqbi
Tammy Miller,civ,sbyhzdxo
Ryan Jones,bme,djcnapko
Jacqueline Costa DVM,ece,ypcjsovs
Angela Lynch,mgmt,wvtfezgn
John Knight,nano,aivuwgfp
Victoria Rodriguez,mech,nrplujaa
Edward Moore,chem,pvbcspey
Ann White,ae,gtvoasnv
Richard Fisher,mech,slcvptaf
Matthew Cain,mech,dcklpovf
Jeffrey Matthews,tron,yfqexyox
Rhonda Martinez,ece,pklbhxcb
Kristina Scott,tron,mqvvvpwa
Samuel Taylor,nano,lfiolpaf
George Chen,chem,gkbdzggz
Bryan Johnson,env,nqrwvieh
Michelle Sweeney,nano,flzxrtmk
Thomas Young,mech,qoqgzbsc
Ashley Jackson,civ,dkxauqwl
Thomas Baird,mgmt,kjjqhbmk
Heather Torres,bme,dxbokmlh
Joshua Owens,chem,wtthdwag
Felicia Williams,env,svwddcae
Amy Phillips,ece,rpogwqtx
Susan Hinton,bme,gzkfjnur
Kevin Nguyen,ece,uxtynlmt
Jessica Simmons,tron,xkedcnqu
Angela Savage,tron,udtmokrs
William Miller,civ,luznwbgv
Megan Daugherty,civ,lstllzek
David Scott,syde,pzsfobct
Sarah Hamilton,tron,xrbbfmkt
Summer Murphy,ece,hzuyuyiz
Stephanie Garcia,tron,kayramna
Elizabeth Fisher,ae,ypgqsgvg
Bradley Ruiz,se,xostqzlu
Christopher Olsen,ece,ehuwavfy
James Humphrey,tron,lrlqiuxz
Jessica Duke,chem,trfjqngg
Deanna Williams,mgmt,wavwddqy
Rodney Baker,ece,zuvmfqek
Jacob James,syde,keovdgfx
Dennis Miller,ece,kbgbrwvu
Brian Stevens,mech,cqtanuzu
Michelle Solis,bme,ggdwssfw
Katherine Martin,se,pdgntwah
Thomas Hunter,chem,nxzjhwrr
David Howard,ece,splcrycr
Angela Harper,nano,hxyqqbud
John Miller,ece,tzapgsgh
Sharon Williams,ece,qumzvlan
Todd Bond,civ,lvipzaxx
Christopher Christensen,mech,jcvyvbwo
Victoria Macdonald,se,rhzyitbd
Megan Velazquez,mgmt,qoetzdtd
Dana Roth,mgmt,gkjzjnbw
Tanner Myers,chem,rhpwwehk
Jason Mercer,bme,uusyjknv
Bradley Jones,tron,rtigului
Mary Kemp,syde,lryuliba
Alexander Williams,tron,sjfpmjwj
Paul Gonzalez,chem,xzmoezyv
Luke Edwards,mech,rznibjdw
Heather Stevens,mech,kxeqovzm
Matthew Roman,mgmt,rzqiezdy
John Jackson,tron,ffgtvnln
Diane Sanders,civ,kvdzckds
Laura Walker,ece,fydnaxjz
Kelly Weaver,ece,hutfqvlp
Harry Solis,syde,ccpzuxhf
Valerie Newman,tron,pyqqdprd
Marie Valentine,nano,enmptdzc
Jessica Howard,ece,vczgxfhg
Noah Romero,civ,basinptz
Brian Flores,ece,vautmiof
Luis Browning,mech,firlkeuj
Ashley Lara,civ,ksqgwgnv
Jacqueline Davis,ece,mgmfycse
Clayton Harris,bme,kcozaecw
Christopher Collier,ece,edcgldhz
Bridget Gray,civ,wliinjjm
Tricia Morris,ece,sctzzuap
Randall Phillips,env,gnheezty
Bethany Kelley,civ,grcdjxju
Todd Romero,se,eatwltqf
David Smith Jr.,bme,dvrkcmpq
Garrett Zamora,civ,kzfnpyty
Travis Chung,mgmt,uhzfqwsd
Sophia Miller MD,env,tllbtyhh
Christine Ali,mech,mzqybqxs
Amanda Washington,se,ribdekxd
Vincent Giles,tron,pdsjfcvx
Robert Haynes,env,msitgkwq
Dakota Kelly,bme,hjdmvdyj
Chad Gamble,tron,ocphnapg
Victoria Phelps,ece,pypwjeod
Michael Reyes,ae,ypnnimed
Anna Nelson,ece,eiuxqrtz
Mario Adams,ece,fpvbzyyn
Ashley Smith,mech,slsdpbwb
James Benjamin,se,qebhqngi
Kimberly Gutierrez,syde,qomdevaw
Joshua Fox,tron,tabvfuzv
Nathan Fleming,nano,pksppwzo
Dean Russo,tron,wsnooker
Ryan Delgado,civ,jlwpttfj
Alexandra Barber,ece,lviblghq
Anthony Dean,syde,wauwtgfg
Alyssa Short,chem,ozekpfit
Heather Jones,se,kxhstovp
James Hudson,tron,zyhycpkn
Kenneth Sims,mech,aqcwdaqr
Rhonda Perez,civ,tuhrxjlr
Madeline Moore,nano,ouuyonwm
Mr. Joshua Moore,ae,qichsrgu
Juan Davis,nano,mhxzisxh
Sabrina Brown,bme,poxbmfbt
Allison Moore,chem,idbupbpc
James Holloway,syde,iwaltpgt
Colleen Bryant,ece,tpecpjsb
Jessica Smith,ece,rhseslmn
Steven Whitaker,ece,jwtewmfn
Nichole Griffin,nano,foltcdve
Kristie Williamson,syde,fuafuhsg
Nicole Owen,bme,vrplvqhv
Steven Brown,ece,qxqdtjuo
Dawn Turner,ece,ntoszony
John Porter,civ,scuhtzbk
Steven Clark,mech,dbibysxz
Craig Petersen,ece,pldngtrw
Lynn Rios,syde,fhknixzf
Laura Ramirez,nano,hifivzoc
Joseph Gibbs,ece,qvdixuoe
Randy Flores,ece,nwugrtlx
Anna Figueroa,mgmt,ygxmitqw
Tracy Brown,mech,bkxlvzzz
Kimberly Atkins,ece,ektsoqmn
Jacob Rose,mech,pfyfsxyi
Chad Watson,se,gbwahkqn
Sara Smith,ece,hhrudnwf
Wendy Howard,mech,odtpuknt
Brian Rogers,bme,pshqflrz
Laura Garcia,ece,xpbrdjeg
Brittany Shaw,nano,dlalqmns
Kaitlin Hayes,ece,ejkqbomb
Thomas Reeves,civ,sdfpoevt
Patricia Carrillo,mech,xfjzbywo
Rachel Mcdowell,tron,rznjzrcq
Michael Lewis,tron,vdlzjmdf
Danielle Becker,civ,zdcjgoqc
Joshua Garcia,nano,htxqwdon
Thomas Rogers,civ,iwsmhgjo
Manuel Nunez,mech,pomfqlol
Paul Williams,mech,boomhqlk
Timothy Wilson,ece,omjiyayi
Christine Howard,ece,jzabqnib
Lucas Taylor,civ,cocmdvfg
Andrew Peterson,ece,rhkgunju
Kelly Bishop,ece,ipuekqfd
Kristina Reed,syde,oqxdsamu
Anna Martin,mech,hbhilqne
Linda Ayala,tron,urlvqmbx
Douglas Nelson,ae,lllbeiwc
Courtney Rose DDS,bme,qofljqjr
Dr. Eric Mcdonald Jr.,civ,qiyliaqo
Christopher Mayer,ece,zttkfonc
Brian Gomez,tron,gmkradyo
Shane Sheppard,bme,mlqmmexl
Steven Nguyen,ece,sovnpgsw
Hannah Lopez,mech,kozmjxeg
Evan Harding,se,txcmtvdr
Jared Carrillo,ece,ltpieyok
Jasmin Jones,bme,wenwkipe
Pamela Wilson MD,ece,lkpzjwmw
Nicholas Clark,mech,axbyfevn
Karen May,mgmt,akvsaaqc
Lance Holt,ece,qgdzcrpc
Alyssa Smith,ece,qfyucwlg
Jessica Carter,ece,ytzdgbmg
Matthew Williams,syde,lqixnncl
William Jackson,mech,nqnrfkeq
Jacob Morales,ae,iovzhwto
Kenneth Chavez,ece,ckjlcmtr
James Byrd,chem,uoydvmjb
Patricia Leonard,nano,srozsjyr
Katherine Jones,ece,jdtbnbpa
Lori Strong,syde,zpuxyfip
Lisa Lamb,mech,raeegmzq
David Simmons,chem,vumexobo
Meghan Williams DVM,nano,fryaaqxn
Kristen Robertson,ece,dgibefnf
Nathan Mcneil,mech,dlawcuhu
Jennifer Jenkins,mech,raipxhvd
Rachel Gardner,mech,uyqudeyh
Shelby Robinson,chem,kjnodxrz
Carol Delgado,ece,deczcrsn
Carla Nash,ece,nomhxyss
Jessica Beltran,ece,nzeyvivs
William Livingston,se,ytciklwz
Mary Davis,bme,waeadyod
Crystal Hester,civ,zrfihgnq
Courtney King,mgmt,wvjqgjem
Jay Wood,nano,dizzjzkw
Tiffany Shaw,civ,arngjhmi
Mark Cruz,chem,nrvxtrje
Frank Adams,ece,efbadrnu
John Patterson,bme,igmkcmrp
Tonya Wagner,ece,fcgocaur
William Glass,civ,vzdjpugs
Gina Graham,civ,yqhajhql
Austin Lamb,chem,ziqlfnxb
Jessica James,se,sunqzbxj
Tiffany Mendez,nano,nknsddcy
Jessica Miller,ece,dramhtvn
Jennifer Sullivan,ece,zxuioypb
Shannon Smith,ece,ecfjzhlx
Anna Jones,ece,pvmawmbk
James Rojas,mech,asjtnevm
Nicholas Mccoy,chem,haewyogw
Susan Weber,mgmt,rofcwadt
Leslie Cervantes,mgmt,qefwaioa
Marvin Montgomery,ae,pdcpsjez
Earl Brown,mech,cgnuurbg
James Smith,ece,udrfuzpm
Ashlee Thomas,mech,zqyumpvb
Victoria Davis,mgmt,pocbvebe
Sheila Garcia,ece,aexxkyhb
Michael Doyle,ece,uxfrraij
Jeff Nunez,ece,cgijjtov
Caitlin Huffman,bme,pqtqvftf
Victoria Smith,civ,hpooauqe
Jesse Martinez,mech,cgqrogqv
Michael Lynn,syde,qpgrdxgy
William Cunningham,syde,irmhhloo
Cassandra Cole,bme,czjphzxh
Bradley Jones,env,ysmyohtf
Shelby Woods,mech,wrlcfqpr
Daniel Wilson,bme,ugpwyzbq
Michael Myers,se,dfityjve
Rebecca Kelly,ece,jqxbqmev
Eileen Hamilton,ece,kjlxludy
Caleb Taylor,tron,sggdaipx
Destiny Garcia,tron,botfqruq
Bryan Nguyen,mech,nlhfwsmx
Brian Jones,tron,hogzfovx
Craig Johnson,mech,hmmevbuo
Catherine Weaver,ece,mtmabiuy
Cassandra Sanders,ece,qnbzdaiq
Amanda Lee,mech,oyybsaac
Sheila Hinton,ece,jpzvobav
Molly Woods,nano,yyjfhepp
Kelly Ellis,se,bukjdmvd
April Lopez,chem,yqfhvsyx
Stephen Spencer,ae,noawfqrl
Aaron Brown,mgmt,hlizqvkm
Ms. Patricia Miller,syde,oxiffgfv
Cindy Swanson,ae,glrcqpen
Melissa Thomas,chem,rsfelgym
Austin Smith,nano,gyedhfhf
Derek Miller,ece,cwbadgws
Michael Stevens,bme,oubuukpa
Robin Clark,civ,avvxwtjc
Taylor Brown,bme,lhxgtgap
William Davis,mech,gxcjzosv
Crystal Quinn,civ,hnicsxzh
Timothy Riggs,ece,pswzpdcy
Edward Rivera,mgmt,peolqvqp
Louis Brown,ece,clbjuysx
Leslie Lewis,syde,prmdamcd
Troy Sullivan,mech,fxrewipt
Madeline Robertson,tron,wvtbjsih
Tommy Foster,ece,mwinqmhg
David Murillo,bme,fcvkpwje
Cindy Brown,bme,ghisbbac
Rachel Smith,mech,uvqyoljf
Barbara Meyer,tron,bwpfqtfi
John Mitchell,mech,iypdpecc
Sarah Brown,nano,pmmpvwsk
Amanda Hill,se,cimzbduh
Laura Ward,ece,fsgxlira
Mr. Justin Park,ece,nvzprntw
Hector Dean,ae,zntdaigk
Adrian Baker,tron,cayamxdh
James Peters,se,qfdehjdz
Janet Wong,chem,iadlpluk
Deborah Lewis,ae,iexssecm
Kellie Trujillo,tron,ntvzfzuc
Christopher Larson Jr.,mech,ukiokixl
Ashley Mills,ece,ztpjqazc
Sean Chang,mech,mlxhxwtj
Jenny Walters,chem,jdsvshlh
Thomas Harmon,ae,tezhvqkc
Justin Schaefer,tron,ybevmhfa
Isaac Pruitt,se,idirnhsy
Scott Hall,syde,josawgfz
Tonya Wong,ece,zyhletmt
Kevin Ferguson,civ,lkdrbdlc
Jerome Lewis,mech,sorspdit
Matthew Sanders,nano,pytzpjxt
Lucas Joseph,ece,fxznibwx
Ryan Sutton,civ,fbecbout
Arthur Scott,ece,pyqpgvnv
Daniel Jefferson,bme,nldfasee
Beth Reeves,mgmt,lkswiwkq
Victor Acosta,se,ygpkiocs
Phillip Pena,civ,dkzllltg
Allison Washington,se,ymufdrfm
Summer Strickland,ece,byfwugdt
Anna Collins MD,tron,eegyrtmr
Amy Berry,tron,ablzkcbi
Christopher Gibson,ece,ivsjsgtu
Ronald Petersen,mech,zozujbja
Vanessa Clarke,mgmt,jfkxwprk
Jonathan Rhodes,ece,cisdmvdh
George Thomas,tron,xcmhjees
William Stephens,ece,jdolghse
Martin Smith,ae,zelpaoon
Melissa Hayes,ece,rntbbcjo
Jessica Erickson,ae,mttlwpnn
Daniel Burton,syde,xmbaswfh
Patricia Schmidt,tron,jdrguyoh
Jessica Williams,se,fhvqhujz
Eduardo Moore,nano,rtjnamyk
Cindy Jones,ae,vjkkitfy
Lori Allen,ece,ckskxwyw
Audrey Mann,ece,rmwmhmol
Larry Jones,mgmt,wobovuyc
Carla Rodriguez,geo,pgbhxsqd
Laura Morris,bme,lvcnrvek
Ryan Parker,mech,auybcoyu
David Rogers,mech,tqbuewcf
Carl Moore,ece,frqghqzq
Breanna Wilson,ece,hqbwhctt
William Griffin,tron,gqebgxxu
Sabrina Tapia,syde,bkwnmtyl
Jennifer Warren,syde,vqlwdvus
Allen Stanley,ece,yvvzupsl
Brian Delacruz,nano,rkgplnvj
Carl Young PhD,syde,iqejfgjf
Kimberly Stanley,civ,srmdbzan
Deborah Horn,mech,uqglnvye
Jose Pena,mech,tfkmhvit
Madison Jones,nano,ovguqhsl
Jeffery Wilkerson,civ,quvjpbks
Benjamin Garcia,mech,qmokxgvw
Laura Sandoval,nano,dhpwvsnt
Miguel Baldwin,ece,vembfifv
Morgan Estrada,bme,pbzipolp
Karen Perez,mech,ahjunimh
Kristen Sexton,se,qpbfzdaq
Lindsay Harrington,se,gajwjezp
Paul Jones,civ,ucrmiuhk
Elizabeth Olson,ece,fjwvlgoz
Christopher Rivers,ece,rrdipkra
Jaime Smith,nano,kspyjutq
Veronica Cummings,chem,kntrkujn
Alexandra Huber,civ,rgvojdrv
Jeffrey Perez,mech,axkwylre
Sherry Glenn,se,rgbozkyx
Richard Copeland,civ,hjscwyhn
Joanne Moore,tron,nckkavwy
Steven Booker,tron,lmymmoin
Jonathan Carpenter,tron,zdczsibe
Benjamin Robertson,ece,ewxbcfer
Katherine Powell,env,hjxgmbdi
Mark Hall,mech,vrosxgds
Joseph Weiss,ece,htrvwtgw
Linda Chavez,ece,gbvhlufw
Brian Bauer,ece,xqzcovwl
Rodney Manning,ece,cnfhdezz
Rachel Lopez,syde,ibzejewy
Christopher George,ae,jfvjscxf
Angela Kelley,mech,ztaodmai
William Stanton,civ,vflboooo
Ryan Sullivan,civ,gagtwqrs
Danny Adams,tron,nditocax
Theodore Stevens,chem,oryaliyz
Andrew Lee,nano,xfrtsiga
Brian Jones,bme,ecrgprks
David Fisher,ece,bsyglbzt
Holly Ward,bme,tltnkhan
Jesse Giles,civ,nmsqxmxv
Harold Bird,chem,xdwhicrh
Brian Acevedo,tron,bapeuvkq
Andrea Meyer,chem,rkfjsecu
John Wu,syde,azwefzsr
Samantha Leonard,geo,kwaxgmts
Logan Smith,mech,zqzqtuzz
Patrick Watson,civ,hnqqdaxf
David Price,se,zzoannew
Joanna Williams,mech,pnjlokuw
Angela Black,bme,teulylrk
Samuel Kent,tron,jlakfxig
Sarah Zamora,bme,hpedgzec
Joan Bush,nano,pvizjihn
Linda Martin,tron,zpgjmfoh
Matthew Randolph,ece,qsdxhkmh
Gary Dixon,bme,tbhcevfj
Sierra Roberson,nano,lpswzvoi
Laura Roberts,ece,ijxzdtlv
Dawn Reed,syde,mraeptbi
Theresa Arias,chem,grroozvq
Patrick Vaughn,nano,tfhrdkyc
Robert Powell,civ,gctvisal
Blake Hampton,syde,omttxqtg
Darius Wang,ece,dgrxlcdn
Briana Alvarez,bme,lyudxowt
Melissa Boyd,syde,breebywi
Steven Greer,ece,sstghech
Joy Mcintosh,bme,dnthtxcw
Joseph Barr,ece,etazibdm
Erica Smith,ece,exncbqhc
Sean Wolfe,civ,ngokktab
Mrs. Brianna Weaver,ece,dzmfhuyu
Sarah Gonzalez,chem,zeugndhz
Catherine Lewis,mech,iactkagd
Thomas Davenport,tron,cozwdsrd
Lauren Jones,chem,pypqgcba
Paul Perez,mech,yupvyjwi
Tamara Frazier,mech,dhphawew
Joseph White,mech,hvqpqigk
Daniel Hodges,env,scipeaxt
Johnny Bean,mech,ytwoetog
Kelly Brooks,mgmt,fdpzdiir
Lynn Rodriguez,tron,clqymyar
Linda Benjamin,tron,kkdvmhtd
Danny Hunter,ece,mnpothtl
Rachel Turner,se,kcssfydu
William Dixon,se,umiyyixz
Kaitlyn Carroll,chem,xsfkfizf
Brooke Porter,ae,bigiklxw
Nathan Gardner,mech,uylucyeg
Jessica Baker,ece,fjoevphq
Benjamin Marquez,mgmt,htaigvxg
David Thomas,syde,byfplckj
Aaron Miller,civ,aozhsfsk
Douglas Morton,ece,iyhyolec
Jamie Turner,ae,ogmenncs
Olivia Rodriguez,chem,cjdsgmaw
Nicholas Jensen,ece,wyijotxu
Christopher Holmes,ece,wyrhqqyv
Allison Mendoza,ece,asxkxoym
Caroline Miles DVM,mech,wwhrsirl
Veronica Steele,bme,qtzlyuxv
Timothy Harris,ae,nfweipnd
Michelle Humphrey,ece,caniuneq
Meghan Rodriguez,mech,wydjxamx
Connie Spears,civ,djepqkfa
Anna Hernandez,ece,osjyywag
Jessica Woodward,ece,mfrfnsiw
Corey Mills,env,byaqxsmv
Cassandra Peters,chem,ptlzfsea
Cynthia Arnold,ece,vveasghl
Travis Sanders,bme,rlugmomw
Kaitlin Jones,civ,hmcqinln
Colleen Davis,bme,lpshxlab
Teresa Lambert,civ,nmnrxkva
William Ellis,ece,oivtgnvh
Alisha Anderson,ece,tmxgkgxl
Brandon Chung,chem,izqdiagg
Kayla Thomas,tron,vuyneric
Lisa Jackson,civ,aoavhepb
Chad Johns,mgmt,kjdaiesn
Mary Hayes,ae,rmwfkagw
David Hood,mech,pvdoelwo
Savannah Wood,ece,qgsptdkz
Timothy Callahan,mech,vztrsovs
Frank Clayton,ae,brhsasyo
Amy Hunt,se,vddquycm
Steven Smith,civ,tmtjohum
Adrian King,nano,rwceeuit
Amanda Jones,bme,quronefi
Roy Mathews,ece,kyzccjdq
Rebecca Gonzales,env,cdzsynlf
Debbie Walker,ece,absfnsxg
Michael Elliott,ece,nrzygtvw
David Black,ece,ytwbjooh
Jane Williams,tron,zpomshup
Alexis Kennedy,env,ymoqkyua
Joseph Velazquez,tron,ijsthqsj
Samantha Johnson,nano,uzdznbqz
Molly White,tron,yethidub
Emma Webb,syde,rfwqopwx
Sara Lowery,ece,kzhwwunc
Felicia Simon,tron,gvgxdntn
Matthew Henderson,ece,gofhdxhe
Angela Smith,ece,uujsrdlc
Kimberly Zuniga,mgmt,ftjgdeuv
Kerry Griffith,tron,qaqlehgk
Tracey Keller,geo,tbrgmyae
Tammy Brooks,tron,tpbzvfzg
Amy Larson,bme,qzcqqymo
Robert Hicks DDS,ece,grprbzob
Catherine Crawford,chem,upjocswn
Joan Evans,ece,gelqeytm
Makayla Williams,ece,ddsfnuvp
Melissa Campbell,syde,hhbnuzpd
Charles Ross,mech,hkcvhoci
Gabriel Watts,se,rbmgkmtw
Katherine Washington,nano,tlsmaqsr
Charles Phillips,se,zdyodsvk
Jordan Shaw,ece,qbnjtpzn
Joe Holmes,mgmt,exvlnsax
Robert Hopkins,mech,liatvwtq
Mr. Matthew Mendoza,civ,shlhwnti
Sandra Cook,mech,qvwdqiyg
Jennifer Shea,tron,rmhzizsl
Joshua Vazquez,nano,lzymrpch
Latoya Olson,syde,cjehzfcn
Teresa Floyd,tron,yibqsatf
Kylie Owen,mech,juejxnij
Christopher Jenkins,nano,ckrhnwvu
Jonathan Heath PhD,mgmt,olwsyahu
Heather Sanchez,ae,hnftatsn
Mr. Anthony Hartman,ece,mxdqpyce
Taylor Dixon,chem,xjsocvce
Renee Henderson,tron,jicvnepd
Andrea Hicks,env,baaciiqw
Maria Keller,se,inloaglu
David Lynn,mech,slredqde
Eugene Serrano,syde,onfkpgre
Connie Miranda,ece,eivfwqzt
Angelica Powers,mech,dyympgyd
Joseph Williams,ae,naktvcql
Bradley Watson,tron,pckpmlqv
Colton Smith MD,mgmt,dpujlivv
Peggy Brown,env,qfekbmzc
Jill Schmidt,mech,ttvnmqtd
Robert Wagner,ece,wcfrlbhh
Monica Brown,mech,hspubchz
Ashley Simon,ece,vsvquadk
Courtney Terry,ece,esgpoeta
Sarah Ross,tron,xfjxekyk
Katherine Patterson DVM,se,yxtvtuxh
Grace Simmons,tron,sqergdyb
Monique Franco,se,eqkjpfmr
Lisa Zimmerman,civ,omnmrtwd
Rebecca Taylor,mech,lltxaxmy
Christopher Price,syde,bkdrpknz
Kevin Hess,tron,fguptdhf
Rebecca Black,env,ndbrewor
Tammy Hood,civ,kvetohjg
Brittany Mendez,mgmt,vtkztaij
Luke Nelson,ece,mplivwkn
Tom Ross,ece,zrssypau
Joseph Hernandez,nano,vflpzypk
Aaron Greene,syde,ccvcuyth
Dustin Jackson,chem,zuowyzwm
Spencer Walters,syde,lbeifyln
Steven Williams,ece,xwfmzrlm
Billy Schmidt,env,kdsjsuwe
Michelle Webb,mgmt,zqkfypam
Cody Spears,tron,jlkrfpen
Max Williams,ece,urcvdfnd
Brian Winters,nano,vfkqwhxf
Heidi Ross,chem,qkdxbomp
David Gomez,civ,usymawlw
Jennifer Gutierrez,nano,ovzdopsv
Stephen Cervantes,ece,dilzwmub
Jonathan Mckinney,tron,khtisurv
Tonya Davis,nano,pnlfbydb
Gregory Spencer,bme,yaohhrda
Ricky Jones,syde,kjpawhxk
James Molina,tron,hsmhjdxk
Justin Nicholson,se,bkjxykzz
Kevin Smith,syde,vthzmbcl
Karl Wilson,mech,zqzknroq
Roberta Ramirez,ece,rloqymrv
Debra Weeks,syde,uqnulgtw
Kelly Galloway,mech,bhikcjpp
Kevin Thompson,civ,njlahdjg
Laura Mills,tron,notbgeqy
Margaret Brown,syde,djecxxxu
William Moses,se,dqyiiixo
Bradley Vega,nano,gkgoklds
Toni Bennett,geo,llutqjgt
Courtney Johnson,mech,uvxsxnoy
Donald Rogers,ece,fkxecibw
Melanie Meza,ece,kjpbopab
Christian Miller,mech,zicuofit
Joseph Swanson,tron,ulclrxjc
Jason Fleming,ece,losypexj
Mark Torres,tron,sklrdqef
Bryan Gill,syde,riyfmpvh
Donald Gray,civ,uehwavdy
Sandra Walsh,tron,zllqxdhl
Rebecca Odonnell,ece,labmccbr
Angela Alexander,ece,wtmfefxm
James Williamson,mgmt,gfrxtypc
Sara Stout,civ,zbhmrvla
Julia Hansen,mgmt,lxetzlrk
Jessica Smith,bme,eeretzxl
Heather Erickson,syde,zqrpsian
Austin Mcmillan,civ,omhvltvk
Susan Scott,ece,jfejclop
Joy Mcpherson,tron,qdldfnve
Benjamin Sawyer,mgmt,vlczwdxk
Stephanie Tucker,ece,baiiqgfu
Kristen Rivera,bme,ctzszadd
Lauren Brock,mech,ueslzoaq
Jessica Contreras,tron,gjiyqmhm
Eric Combs,tron,gyugwnva
Mr. Ryan Johnson,nano,wcebismt
Matthew Roberts,mech,gnaunvtl
Gail Robinson,syde,yeyqwxsq
Jamie Bates,civ,mrpjmwwt
Jon Shelton,syde,mzgqtzkg
April Ward,mech,pclwrpml
Phillip Horn,chem,yppoovkv
Kyle Jones,civ,cudyiwao
Michelle Reyes,bme,nhkhftkb
Bethany Reyes,mech,vfzerpcj
Christy Maxwell,syde,qndccxxr
Anna Phillips,mech,sspallta
Ashley Norman,mgmt,lapsgahf
Thomas Black,ece,xlauicfd
Michelle Russo,ece,amxkfllo
Casey Reed,env,yqaujmxt
Tony Carson,nano,xqluykcn
Stephen Brewer,env,jgypprfh
Amber Mcdonald,mech,sgjypplk
Andrew Salazar,ece,bitmfxav
Courtney Griffith,env,iohijukg
Barbara Mercer,se,cycyouwd
Erin Alvarado,nano,nxlzdfzt
Michele Hudson,ae,gageaaot
Brian Watson,ece,rtqdbupi
Courtney Mcdowell,se,uhoynbkh
Michael Rivera,nano,lcziwbnb
Cristian Davies,se,upeuqccw
Michael Peterson,mech,wijwenrr
Wendy Wilkinson,ae,dmnqdfoi
Michelle Acosta,ece,bqtyfmnq
Taylor Howard,syde,fhwjyzhh
Laura Hill,env,onepucpf
James Howard,env,jqifyzgb
Dr. Alexander Ross Jr.,ece,znszpqdv
Laura Martinez,mech,hgqtbprh
Gloria Crawford,se,pcvqcghi
Dr. Kimberly Thomas,ece,mfwcjegt
Amy Palmer,ece,vblbhgaz
Brianna Collins,env,kdwaquqj
Thomas Olsen,mech,pqrjzyap
Linda Valencia,bme,jjoyfovr
Daniel Ponce,mgmt,agijqfoj
Rebekah Martin,se,lilypkeo
Alicia Williams,syde,tcjjdywf
Tony Henry,chem,kfvuarov
Jonathan Banks,ece,wsodcgcl
Joy Glenn,nano,ckydaakk
Deborah Cruz,chem,snvyseqk
Sarah Martinez,syde,zjytcxdl
Valerie Miller,civ,hrrqdutj
Jennifer Brown,mgmt,kjmgyady
Justin Oconnor,ece,jywyefnz
James Brown,mech,jeglofom
Debra Maldonado,ae,gtfrbapf
Jacob Ortiz,tron,rjrwnepq
Angel Schmidt,bme,mohepjjr
Tracy Guzman,se,soluypes
Paul Hayes,bme,lvddwpib
Whitney Stevens,ece,gkfizzeb
Jennifer Reed,mech,xbjswmkv
Janice Tucker,tron,efidgswx
Michelle Jones,se,preykykz
Andrew Bowman,nano,havnlakf
Destiny Armstrong,env,crncerzs
Aaron Garrison,bme,zqwzezpd
Colleen Warren,ece,zdcwvywm
Mr. Wayne Jackson,nano,zlljekof
Lisa Rodriguez,nano,mwhulcae
Steven Clark,tron,xqkbkdxn
Gina Weaver,tron,yojvljcw
Aimee Strickland,ece,rngnzazx
Brittany Smith PhD,ece,jwlnsahl
Jeremy Fisher,mech,cdklqdtj
Kristine Powell,syde,tjamaugj
Matthew Crawford,ece,moisliyu
Holly Wiggins,mgmt,kpfqlcsm
Johnny Wilson PhD,ece,auauopwp
Monica Shepherd,ece,jubdsats
Tony Newman,ece,pwvknqrs
Michelle Wilson,ece,fyahywpo
Shane Armstrong,ece,ufuycfnq
Rebecca Garcia,se,cmgxdzbg
Jennifer Silva,mgmt,vswcalnc
Phillip Burgess,mech,gdlycscm
Christina Peterson,ece,mzlgvunc
Tina Peterson,env,xjxyncuk
Luke Morales,se,gdxlzvxz
Sarah Johnson,ece,aigioncq
Frank Green,ece,ctppunmz
Tiffany Hall,ece,fxjsbnex
Anthony Gaines,mech,cqljnlyn
Brian Robertson,chem,rlmwwvup
Annette Sherman,tron,bitqupfc
Emily Schneider,syde,grdgiypv
Claudia Burton,bme,rsozpokj
Michael Williams,ece,utzdftzo
Mary Brown DDS,bme,wzetnvqa
Mr. Brandon Jones II,mech,qjnzrosc
Brandon Smith,civ,pkmhndwr
Amy Mcpherson DVM,mech,nazsbtmj
Reginald Avery,mech,ooacxlkr
Chad Noble,syde,wynjlniz
Jerome Rangel,se,xlvvojll
Brandon Martin,nano,youtfron
Patricia Lewis,ece,jrfwnioq
Norman Adams,se,lxgabqsh
Robin Anderson,syde,uxehndja
Kyle Gutierrez,nano,gywecwhd
Hayley Wallace,ae,mdtociid
Crystal Scott,ece,cjehrtca
Beth Ruiz,se,uraiowyk
Andrew Weber,bme,zggyjjog
David Mitchell,ece,zheogpah
Michael Collins,ece,etadbvqx
Nicholas Simpson,mech,vywwwbil
Stephen Thompson,env,qrkugzio
Linda Wagner,nano,qmsnrvbu
Melinda Richard,ece,ftyohfbx
Cody French,nano,xrthfhdx
Ricardo Flores,ece,dovhovjo
Dana Garcia,tron,rdmjfdqu
Tammy Watkins,ece,ksqzarnq
Bryan Allen,ece,cprcbnsf
Samantha Garcia,mech,aogvslbi
Carol Ruiz,mech,tjcrqqhe
James Wallace,syde,bgybejcf
Christopher Carter,nano,tvupybrp
Andrea Reyes,se,xvtkivqs
Robert Guerra,tron,omoeqlid
Richard Hamilton,tron,sgpmfoia
Julie Richard,ae,vfehrxmi
Barbara Smith,se,huniqzep
Jessica Cook,se,yrkdwxcc
Chloe Phillips,tron,domfmvfy
Adam Roberts,civ,dljrvdnh
William Cooper,ece,jgbumxqw
Andrew Woods,chem,xjldamok
Jason Campos,ece,wzderrnl
Jeff Guzman,mech,skwtxmvu
Frank Campbell,ece,kotgtytu
Donald Zimmerman,mech,axrzwsgl
Charles Ingram,nano,ppwbslhv
Jeremy Lee,syde,kpbwxdks
Todd Rogers,syde,ugnkfvve
Kyle Harris,nano,amkuuutw
James Lopez,bme,cmmkdnpr
James Arnold,civ,xjetjymk
Mark Bridges,chem,ykuvjcsq
Maria Gordon,civ,ddqbyzjz
James Hansen,nano,ttmrkzxr
Raymond Griffin,chem,nzfikdqr
Scott Rodriguez,se,lcdpnmpn
Mark Garcia,mech,rwzalouc
Christine Oliver,ece,bqnuisdv
Richard Michael,mech,ymonourd
John Rasmussen,ece,lveaqvyj
Maria Pugh,nano,hgnpzjcc
Donald Werner,bme,oszltgpm
Lindsey Miller,tron,bbaelfaz
Richard Friedman,ece,nfcpikgm
Jeremy Andrade MD,se,ldkptuzt
Douglas Stewart,civ,pbwsrvpj
Paul Davis,mgmt,crxyzxow
Gerald Saunders,mgmt,pscflwrk
Patricia Walton,tron,egorqykw
Diane Sutton,mech,cnioebnv
Brittany Oconnor,mech,pkanmabw
Willie Edwards,se,doqeoncz
Ebony Clark,se,wkbyctzd
Sue Phillips,civ,aqcbfxgs
Anna Schaefer,mech,lhfkfqwd
Ruben Taylor,mgmt,tqxswtgv
Aaron Harris,ece,qhhdvwtw
Charles Johnson,tron,gguuobbz
Christopher Walker,chem,lqsgevfb
Chris Drake,se,wastirbv
Ronald Thomas,ece,nyyqyccd
Gregory Maxwell,tron,hmqbopdt
Christine Mitchell,nano,zzgpcbes
Erin Franco,env,lkkbafev
Rebecca Dunn,tron,omiffcfl
Martha Mills,civ,oqjtyggh
Elizabeth Hart,ece,nctmhguj
Christine Miller,mech,rzqoppav
Tonya Fischer,tron,gbyrwtna
Marcia Wright,civ,xakycdvi
Ashley Freeman,ece,axbgwogj
Matthew Macias,se,svndnkkw
Michael Howard,mech,dqfckmjh
Michele Foster,mech,qrynjdee
Samantha Mcguire,se,zfuixczy
Laura Campbell,civ,jmuskagl
Robert Jimenez,tron,ikgubkzi
Andrew Conley,civ,izodgnun
Scott Walker,syde,qcijzpxe
Jaime Fisher,bme,uthnbyez
Duane Rogers,nano,bmlnceoc
Aimee Bowers,mgmt,xyyniwuy
David Todd,bme,apsezqls
Morgan Moore,ece,gyzyfuqz
Anna Cole,nano,pzqdhslr
Veronica Young,mech,sermimgm
Keith Miller,mech,dxboflhs
Jamie Garrett,tron,tvbinoql
Logan Gonzalez,tron,ewpkentc
Jeffrey Moore,civ,noloarlw
Michele Sanchez,bme,mfumciju
Joy Olson,bme,gzcvqxwr
Alyssa Morris,civ,oorbzzul
Luis Bryant,chem,ojrpnqzi
John Ward,syde,ntebughn
David Lopez,ae,tjjnhxid
Timothy Frederick,tron,ketsdywy
Joshua Hines,mech,mrrywzoh
Amy Thomas,ece,eujrqefn
Brian Thompson,nano,agktndvn
Caroline Jackson,ece,uajdzmkf
Taylor Gonzalez,syde,ouhehiso
Jonathan Anthony,mgmt,lcmnkdiu
Nancy Nelson,chem,wdlwwguq
Ian Jordan,env,tiadhrio
Kathleen Johnson,mech,nfavwzhh
Tracy Elliott,tron,fcecgbfz
Andres Reese,ece,ditcidms
Douglas Bailey,se,nuvfirxf
Tina Bryant,mech,yujldhbe
Philip Mendoza,syde,wrqsgfqj
Andrew Garcia,syde,lyezmbln
William Gregory,tron,zmglyscz
Sylvia Davis,tron,chtygqnz
Colleen Hill,tron,zagwzxrg
Ronald Caldwell,ece,lpvhgjhb
Jason Carpenter,civ,hbqjqqvn
Andrea Ochoa,ece,ikybbaof
Dawn Vargas,mech,nmssjxjg
Elizabeth Kramer,bme,uvmnwzhc
Mary Norton,chem,wyzidkxv
Timothy Davis,bme,zwzxgkvn
Kenneth Christensen,civ,heekqerw
Benjamin Grant,nano,gbeiwqpd
Christopher Spears,ece,nmbnimsq
Stephen Roberts,syde,ichitobs
William Smith,se,okaopkht
Alicia Gilbert,tron,tqmbgczz
Michael Hudson,syde,qoqqolru
Louis Patterson DDS,tron,qsezzsla
Andrew Solis,ece,ewiabvbw
Dr. Paige Dunn,ece,vynyuqya
Jennifer Robertson,bme,legqdmrl
Rachel Crawford,tron,qifgbalc
Tony Novak,mech,jwfxjbyh
Aaron Cortez,ece,iuoehmub
Martin Byrd,tron,mzxusqnx
Kelsey Campbell,syde,sfpjzfho
Angelica Dominguez,syde,dlvnedlg
Kathryn Cook,tron,lmvmpdre
Mr. Nathaniel Lopez DDS,ece,ykwyrzzv
Robert Patel,syde,qbvoystf
Melissa Baker,ece,qyllmfvl
Jessica Shaw,ece,xtcxmpjx
Colton Carr,ae,ussrfhnd
William Taylor,tron,vcoobnny
Joseph Fox,ece,gjewujei
Corey Winters,tron,qgltquik
Donna Cooper,ece,zpsyqela
Aaron White,tron,akyzaudw
Thomas Hammond,tron,xcdtxeyp
Kelsey Brown,tron,azohiaff
Paul Smith,mech,wdpoybha
Christina Lee,mech,trodfbgq
Rebecca Goodman,ece,lcztcmfp
Jeffrey Miller,ece,wrfsgcvx
Shannon Turner,ae,dyxjdaoc
Ryan Rojas,env,ixsoekzd
Nicholas White,env,cylbhggr
Johnny Maldonado III,chem,qewkbauv
Robin Lucas,ece,obvjnsqx
Mary Rodriguez,ece,zpdfqkac
Samantha Compton,ece,ludppfcj
Mary Alexander,nano,inyskuau
William Pugh,se,jdfoxudk
Karen Edwards,syde,jcawsyzx
Joe Harper,bme,qokwjzni
Steven Salas,tron,jejkvsvs
Michelle Mcguire,tron,xlrjudvx
Barbara Brown,chem,ilazfshw
Emily Cox,civ,yldnfaiy
Jason Williams,ece,fwgmrvju
Krista Long,tron,rplukqir
Eric Hill,mgmt,qrvetqmk
Brian Brown,se,vssojsju
John Leach,ece,gdaicsoo
Donna Jones,chem,hcafavlx
Alexandra Morales,ece,uppmfvox
Jessica Martinez,ece,aivhjwht
Erika Burgess,nano,slvvskuy
Justin Floyd,se,wxgxjisf
Katherine Mclaughlin,syde,vmfvrsxf
Jeanette Graves,ece,rxmmdvkr
Mark Francis,mech,rlqreenm
Sabrina Miller,chem,icppoayn
Brandi Rivas,mgmt,dvjoyohz
Andrew King,ece,uokisxjd
Nancy Castillo DDS,ece,tljagxgq
Virginia Hart,tron,ncywajnf
Kyle Fuentes,nano,zbyjzfdl
Anita Mills,ece,cxxopnae
Alan Turner,ece,xtbnkfex
John Ferguson,chem,prepmsll
Grace Perry,mgmt,ttecugxu
Darius Dennis,mech,shydhtrq
James Rose MD,tron,lanutmwp
Mary Anderson,syde,haolchgx
Tricia Palmer,mech,ynqnfdjh
Kathryn Underwood,se,bbbjnkms
Jose Thomas,ece,moglevto
Kenneth Cuevas,ece,pkcobpuv
Brittany Ward,chem,cmhfcgdb
Jennifer Erickson,syde,ftbpqiov
Timothy Carroll,chem,dojufsnl
Brittany Stevens,bme,sajymcyz
David Hunt,tron,wykmwkof
Alexandria Thomas,civ,vplpruzm
John Williams,ece,tsvkuvva
Andrew Bishop,bme,objeuvol
Lindsey Gonzalez,tron,mhtonnsz
Nathan Taylor,mgmt,crkgaspi
Kaitlyn Smith,syde,rnvptyuc
Adrienne Green,chem,stafgmpp
Scott Mann,bme,hdjnzxpj
William Carr,ece,esqttcey
Laura Hopkins,bme,cplcbuhv
Katie Gonzales,syde,hccuapwc
Connie Nelson,chem,pntegqfi
Raven Gomez,mech,vliralmw
Steven Barnett,civ,fcnixahm
Eric Morrison,mech,pmydrpku
Cheryl Shea,se,govrjyab
James Tanner,chem,ptjrqrna
Thomas Rivera,tron,zcfxjqap
Kristine Rodriguez,mgmt,kdgynpud
Danielle Smith,ece,ryjqdxpn
Stephanie Barker,mech,fxgiwxmx
Jordan Shepherd,mech,ogenvcdk
Charles Simpson,nano,zpcaxsbe
Jacob Pierce,syde,siyoyacv
Spencer Williams,ece,tpbmqbwp
Teresa Rollins,tron,vmtnozks
Xavier Dixon,ece,zidqtszz
Katelyn Simpson,ece,kqwlixqm
Daniel Jackson,mgmt,zlvzmduf
Donna Torres,tron,lciqikox
Lisa Ward,mech,yiifadum
Chase Jefferson,ece,dacmofyg
Jennifer Webster,tron,rlguzczn
Pam Kirk,ece,nrbbafvi
Jacqueline Foster,syde,ierfguan
Sandra Banks,mech,lgyrmsdn
Jeffery Miller,chem,fhntcorf
Katherine Salas,se,ftqypvyj
Jamie Gonzalez,ece,ffjonosw
Chris Burnett,civ,ayhtudpk
Ms. Brandy Wood MD,ece,tzevlztg
Mary Contreras,mgmt,okhvkwxk
Nicole Gomez,mech,lvfkgyyz
Lisa Hines,nano,ddznlhau
Melissa Reynolds,syde,qdtepfjy
Janet Anderson,se,raorudsm
Robert Austin,mech,glcgjwcj
Chad Graham,ece,zpdbbnos
Jeffery Ruiz,ece,pohztylw
Amanda Welch,tron,esezrege
Linda Keller,tron,xfingcag
Cristian Romero,ece,wpskhnzy
Sophia Petty,se,hexrukxr
Justin Smith,chem,hdltjucl
Jordan Young,civ,sxlqlmjt
Steven Robbins,tron,mcpieeiw
Taylor Thomas,mech,xzxnqvve
Erin Smith,tron,wrxmwgaj
Cynthia Meyer,mgmt,elaitmba
Timothy Santiago,mech,ntrcqhqz
Jack Lee,chem,isoqrsfm
Amber Campbell DVM,chem,junpomoy
Rachel Moss,env,ksccifom
William Donaldson,mech,xqlkujer
James Mercer,se,jytgsxqf
Keith Scott,civ,mwkxnchb
Trevor Lopez,mech,etrktnpu
Kyle Hart,syde,pontxwaw
Caleb Erickson,syde,dwwxzpzu
Keith Cooper,mech,sklovlyy
Jennifer Williams,tron,xziymcti
Kevin Moore,ae,lluuvbmq
Tonya Clark,civ,tugnlgdg
Russell Wilkins,tron,tsdfpzcs
Jeremy Peters,syde,kfvbojxf
Laurie Perkins,mech,xwtszuwu
Jeremy Levy,ece,icvjfnhu
Janet Webb,bme,ceqdoqat
Dawn Jackson,nano,zspebwvx
Monica Hanna,se,ohmwjuar
Jaclyn Buck,mech,bubgfgnl
Linda Webb,tron,rmoguhji
Chris Bonilla,ae,bpwexour
Gregory Alexander,tron,nbtbrmpo
Wendy Gonzales,mech,fvaxexyn
Suzanne Parker,se,lfgrnekx
David Walker,ece,nxakuqgq
Denise Reyes,civ,hgbzemqt
Mary Martinez,tron,wvfsvttf
Craig Wiggins,chem,tfgtxexh
Travis Ballard,mech,inynvomp
Susan Gray,mech,ejgyrwje
Wayne Johnson,tron,uhtdfogy
Brooke Livingston,civ,ilskvjwb
Ashley Roberson,tron,qszlcuya
Ashley Sutton,tron,crbrhqsc
Calvin Wong,bme,edzvwyxl
Ian Jackson,tron,ublwuwdr
Kendra Schroeder,ece,htlblhzv
Paul Wilson,ece,yneyuykc
Paul Williamson,ece,abdjsfex
Anthony Carr,tron,tbwgzgaz
Sheryl Brown,ece,xulyopnj
Gregory Lewis,civ,wugjatbn
Janet Anderson,mgmt,nreqkbvv
Jackson Kelly,mech,apejcvbm
Donald Hall,mgmt,irpzwklt
Tracey Fletcher,mech,kdsnktkj
Daniel Young,ece,yswlojuk
Joanna Watson,ece,rtwoymmc
Tyler Gonzalez,syde,cfeirior
Amanda Andrews,tron,fdwainub
Timothy Holder,ece,ejbofrwu
Ernest Shea,se,myebrwef
Amy Petersen,ae,oacfiixl
John Manning,tron,cqsuiasn
Natalie Boyd MD,syde,uxemewvx
Aaron Baxter,mech,mnqjklky
Kimberly Hull,ece,gitskdjj
Nicole Garcia,tron,igyhdgrp
Alison Adams,se,avditbny
Joseph White,mgmt,axdcakso
Susan Potts,tron,kvrrxzhf
Samantha Webb,tron,lskrmwpq
Michael Collins,nano,jfuomzrp
Linda Perkins,ece,qtqxqnbh
Parker Jackson,ece,gbhxbbas
Dylan Reyes,ae,egatvnju
Jennifer Martin,syde,xuqibzyh
Jesse Fisher,se,tqcwqkqw
Daniel Crawford,civ,eqdjwzcv
Bradley Wells Jr.,ece,hcitjmfl
Robert Hughes,syde,wnmszzhf
Michael Mckenzie,mech,hifljeud
Ashley Watts,ece,csbcvway
Erin Potter,ece,xrfxkkgx
Ryan Wheeler,tron,hnynidhk
Kara Valentine,chem,obwvgped
Patrick Moody,mech,fgsiizla
Miguel Schmitt,ae,gihbphhi
Michelle Fernandez,nano,bwswulyt
Kathryn Ramos,civ,zsuczfao
Diana Beard,chem,vmnbtavl
Elizabeth Tanner,mech,iqrbtsbs
Richard Watkins,mech,ikprocyh
Joy Mendez,tron,qnmvabmu
Christian Huber,se,wkiqxpca
Brittany Mora,se,yjoyzmdi
Scott Newton,se,fatejurx
Jason Burgess,tron,jfjrpssd
Jennifer Carrillo,se,lwwtefkk
Mrs. Gina Jackson MD,ece,bnzkhdpl
Kimberly Carter,ece,oyoaudhn
Angela Carroll,nano,kizbwxrw
Derek Jones,ece,mhiucwro
Jennifer Lee,nano,tdqvqvhe
William Newman,se,dweouncb
Jacob Livingston,ece,hinrkakx
Lisa Stewart,ae,xcphbqtc
Allison Diaz,mgmt,vnjavarv
Brandi Best,bme,gpdovwme
Jeremy Swanson,mech,zudwzfvo
Natasha Bell,se,nyqsvvxy
Vanessa Pratt,ece,ayumchgq
Charles Simmons,mech,luvntltg
Deanna Mahoney,ece,fjoyqmsv
Rebekah Hughes,ae,qfuhrzsj
Benjamin Black,civ,ndynfist
James Williams,syde,utuouykp
Edwin Haynes,chem,sogzgddc
Shelly Johnson,mech,hshzwwfl
Christopher Mccullough,syde,yngprauj
Heidi Hawkins,mech,aftqstvl
David Flores,ece,mgmmvwwm
Ralph Hurst,se,spnppcfs
Bonnie White,chem,cigephjj
Karen Wright,chem,eopcinkm
Shawn Dixon,bme,ccealxjw
Samuel Evans,se,nkbclmie
Mariah Mcgee,bme,iiylqujq
Matthew Wang,bme,gzrpyeov
Raymond Foster,ae,xzfzlxdi
Matthew Bell,ece,ckzsqbrq
Ashley Mccullough,tron,undduvkp
Jeffery Smith,syde,zvpwqekn
Christopher Cox,bme,ibxxhvnq
Joshua Lynch,syde,bnwtrljp
Lauren Williams,mgmt,lobkrcba
Michael Moore,civ,mwdalmod
Amy Moss,geo,tgzunmoj
David Griffin,bme,gljdgizc
Heather Kim,mech,wffvmvmq
Adrienne Jimenez,se,cgvombtu
Timothy Norris,mech,ebzouytm
John Edwards,mech,dclzysnb
Kristy Christensen,ece,cotsxblq
Zachary Burnett,tron,gnoixnlq
Tyler Melton,mgmt,domqxnjv
Kelly Davis,mgmt,bolorkeb
Lauren Hodges,ece,gpkarvty
Richard Coleman,se,canwmtax
Krystal Leblanc,mgmt,nakzzxpl
David Kaufman,mgmt,ccegjxjy
Jean Lyons,nano,obhhgaza
Christopher Nichols,se,qxmhzdba
Zachary May,ece,uydrypfj
Mr. Gary Mcintyre,mech,zdnymbve
Alexander Williams,tron,orqnxwgu
Christopher Ellison,ae,rbxsgfhf
Amanda Woods,tron,phzbrzel
Virginia Williams,chem,xpapadkh
Jordan Black,bme,eegsydur
Theresa Sutton,chem,mdjgmjun
Theresa Stanton,ece,judnhnnm
Lisa Baxter,se,mwzdyyky
Michael Torres,ece,ouxogesu
Jody Smith,tron,zrocjyut
Kevin Cook,mgmt,dytkoavq
Mark Chavez,civ,eqgnrbba
Victor Coleman,mech,bshkauly
Olivia Li,mech,jwiozijw
Paul Murray,nano,wkuujfzu
Neil Lewis,syde,yefwbwol
David Sanders,ece,cwqdzjmy
Terri Giles,mgmt,vbyaqecu
Linda Gray,mech,qrhvnnnd
Meghan Davis,syde,dnihcdnj
Tanya Flores,se,dsucgadf
Pamela Martin,mech,hzdshkgw
Vincent Hernandez,tron,qddfsnhg
Katherine Donaldson,chem,vglticjh
Gregory Meza,syde,nbruvfce
Cameron Duncan,mech,hdqqfsxx
Dennis Diaz,mech,xqvvnyol
Elizabeth Moore,civ,boxggfjv
Sean Garcia,mech,fyvehqmq
Dalton Taylor,mgmt,acqgfzgd
Meredith Thomas,ece,cgihysjk
Kelsey King,bme,qwqtesjo
Kimberly Copeland,nano,dsgjsuup
Dr. Sheri Ramirez,chem,gtmjneld
Edwin Fleming,ece,jocpstqm
Katie Brooks,ece,szjthgoq
Diana Thompson,tron,jllsrmmw
Michael Mathis,ece,wugmowxd
Scott Bowen,ece,abtmjert
Darrell Garcia,chem,oljpnbup
Amy Alexander,ae,rezhbbdn
Lori Green,bme,xydujsap
Manuel Hampton,se,pdwuvnjz
Brenda Dillon,ae,cwrosjmd
Ashley Romero,civ,bblazwbq
Stephanie Holmes,bme,btihgjsq
Robert Harris,mgmt,llmzjnky
